hold_id,user_id,library_book_id,hold_date,expiry_date,status
1,424,9834,2024-07-25 15:35:57,2024-08-01 15:35:57,expired
2,720,4827,2024-10-12 03:17:33,2024-10-19 03:17:33,borrowed
3,945,680,2024-01-05 15:40:56,2024-01-12 15:40:56,borrowed
4,116,8238,2024-08-21 02:00:49,2024-08-28 02:00:49,borrowed
5,986,4285,2024-02-24 02:15:58,2024-03-02 02:15:58,borrowed
6,534,1130,2024-08-06 23:55:49,2024-08-13 23:55:49,borrowed
7,209,8649,2023-12-07 01:12:50,2023-12-14 01:12:50,expired
8,925,9439,2023-11-29 10:44:06,2023-12-06 10:44:06,expired
9,292,5118,2023-12-23 00:49:13,2023-12-30 00:49:13,borrowed
10,474,6560,2024-11-04 11:56:35,2024-11-11 11:56:35,borrowed
11,985,6867,2024-04-28 11:40:25,2024-05-05 11:40:25,borrowed
12,591,5685,2024-02-26 19:29:07,2024-03-04 19:29:07,expired
13,437,8036,2024-04-04 08:50:32,2024-04-11 08:50:32,borrowed
14,489,1458,2024-01-17 00:34:15,2024-01-24 00:34:15,expired
15,215,3296,2024-06-16 01:39:25,2024-06-23 01:39:25,expired
16,940,428,2024-11-07 04:26:58,2024-11-14 04:26:58,borrowed
17,531,6491,2023-12-17 08:30:19,2023-12-24 08:30:19,expired
18,306,5503,2024-10-24 08:34:39,2024-10-31 08:34:39,borrowed
19,397,4305,2024-03-04 03:30:19,2024-03-11 03:30:19,borrowed
20,25,431,2024-03-16 01:47:45,2024-03-23 01:47:45,borrowed
21,811,763,2024-02-10 19:20:43,2024-02-17 19:20:43,borrowed
22,2,4990,2024-06-30 23:19:37,2024-07-07 23:19:37,borrowed
23,24,1824,2024-04-14 15:09:18,2024-04-21 15:09:18,borrowed
24,322,8268,2024-07-01 21:14:39,2024-07-08 21:14:39,borrowed
25,823,1929,2024-09-18 11:06:29,2024-09-25 11:06:29,borrowed
26,975,9095,2023-11-27 12:36:36,2023-12-04 12:36:36,borrowed
27,737,1139,2024-10-16 14:16:15,2024-10-23 14:16:15,expired
28,724,1195,2024-08-27 20:21:14,2024-09-03 20:21:14,borrowed
29,227,10819,2023-12-15 11:56:42,2023-12-22 11:56:42,expired
30,744,1399,2023-12-10 21:04:23,2023-12-17 21:04:23,expired
31,712,3848,2024-04-30 23:40:58,2024-05-07 23:40:58,borrowed
32,351,7355,2024-07-08 11:45:33,2024-07-15 11:45:33,borrowed
33,726,881,2024-10-24 08:26:16,2024-10-31 08:26:16,borrowed
34,419,2114,2024-11-09 06:10:52,2024-11-16 06:10:52,borrowed
35,535,3757,2024-08-14 15:47:46,2024-08-21 15:47:46,expired
36,484,8276,2024-06-20 18:57:03,2024-06-27 18:57:03,expired
37,913,3668,2024-02-22 14:48:18,2024-02-29 14:48:18,borrowed
38,761,10081,2024-02-25 13:09:11,2024-03-03 13:09:11,borrowed
39,955,10834,2024-08-10 12:13:18,2024-08-17 12:13:18,expired
40,97,3331,2024-03-28 22:24:10,2024-04-04 22:24:10,borrowed
41,330,929,2024-10-26 16:21:55,2024-11-02 16:21:55,expired
42,537,2640,2024-08-03 01:34:04,2024-08-10 01:34:04,borrowed
43,133,10596,2024-07-30 20:59:30,2024-08-06 20:59:30,expired
44,356,3608,2024-04-16 16:42:33,2024-04-23 16:42:33,expired
45,839,5330,2024-04-30 12:44:23,2024-05-07 12:44:23,expired
46,64,7179,2024-11-11 11:18:16,2024-11-18 11:18:16,borrowed
47,54,1766,2023-12-11 11:59:47,2023-12-18 11:59:47,expired
48,343,6827,2024-02-09 08:50:23,2024-02-16 08:50:23,borrowed
49,861,2962,2024-01-29 13:55:21,2024-02-05 13:55:21,expired
50,445,8715,2024-08-21 04:03:20,2024-08-28 04:03:20,borrowed
51,432,4555,2024-07-19 15:35:17,2024-07-26 15:35:17,borrowed
52,134,4544,2023-12-28 05:28:26,2024-01-04 05:28:26,borrowed
53,291,9887,2024-09-21 06:57:11,2024-09-28 06:57:11,expired
54,204,6667,2024-09-13 05:41:54,2024-09-20 05:41:54,borrowed
55,684,8544,2024-10-05 23:49:32,2024-10-12 23:49:32,borrowed
56,872,1451,2023-11-17 21:28:52,2023-11-24 21:28:52,expired
57,495,6612,2023-11-27 12:25:31,2023-12-04 12:25:31,expired
58,135,6308,2024-08-08 15:37:02,2024-08-15 15:37:02,borrowed
59,719,3928,2024-05-22 14:15:25,2024-05-29 14:15:25,expired
60,2,4575,2024-10-02 05:34:42,2024-10-09 05:34:42,borrowed
61,650,5265,2024-06-09 18:39:07,2024-06-16 18:39:07,expired
62,729,2210,2024-09-05 11:13:23,2024-09-12 11:13:23,borrowed
63,210,9743,2024-07-23 08:58:53,2024-07-30 08:58:53,borrowed
64,99,1302,2024-02-12 17:46:57,2024-02-19 17:46:57,expired
65,874,1843,2023-11-25 20:58:16,2023-12-02 20:58:16,borrowed
66,166,548,2024-08-14 15:21:31,2024-08-21 15:21:31,borrowed
67,234,4735,2023-11-22 07:48:18,2023-11-29 07:48:18,expired
68,82,10549,2024-06-14 11:17:05,2024-06-21 11:17:05,borrowed
69,480,594,2024-06-05 13:08:24,2024-06-12 13:08:24,borrowed
70,214,836,2024-04-03 18:58:09,2024-04-10 18:58:09,expired
71,911,11062,2023-11-17 15:24:48,2023-11-24 15:24:48,expired
72,659,6765,2024-09-29 11:56:02,2024-10-06 11:56:02,expired
73,43,4888,2024-02-23 17:27:04,2024-03-01 17:27:04,expired
74,216,9107,2024-02-16 23:34:36,2024-02-23 23:34:36,expired
75,217,4382,2024-02-04 21:05:13,2024-02-11 21:05:13,borrowed
76,508,5140,2024-04-19 11:50:38,2024-04-26 11:50:38,expired
77,325,4744,2024-11-02 07:41:12,2024-11-09 07:41:12,borrowed
78,198,9934,2023-11-26 07:05:06,2023-12-03 07:05:06,borrowed
79,302,6277,2023-12-11 12:42:11,2023-12-18 12:42:11,borrowed
80,924,2446,2024-09-11 17:56:05,2024-09-18 17:56:05,expired
81,954,4993,2024-03-06 10:44:11,2024-03-13 10:44:11,borrowed
82,595,10940,2024-05-27 07:49:41,2024-06-03 07:49:41,borrowed
83,986,8934,2024-08-11 06:35:18,2024-08-18 06:35:18,borrowed
84,436,10881,2024-04-18 18:15:16,2024-04-25 18:15:16,expired
85,609,3214,2024-08-22 20:54:14,2024-08-29 20:54:14,borrowed
86,324,4285,2024-02-10 10:45:19,2024-02-17 10:45:19,expired
87,347,2247,2023-12-10 18:34:58,2023-12-17 18:34:58,expired
88,928,1378,2024-06-24 04:53:52,2024-07-01 04:53:52,borrowed
89,437,3836,2024-05-25 09:38:13,2024-06-01 09:38:13,expired
90,589,6248,2024-08-13 14:21:45,2024-08-20 14:21:45,borrowed
91,695,1708,2024-03-02 07:14:43,2024-03-09 07:14:43,borrowed
92,230,1526,2023-11-25 08:19:01,2023-12-02 08:19:01,expired
93,997,10442,2024-02-22 16:36:44,2024-02-29 16:36:44,expired
94,332,2788,2024-02-17 16:10:58,2024-02-24 16:10:58,borrowed
95,783,8907,2024-09-12 20:54:13,2024-09-19 20:54:13,expired
96,76,3637,2024-02-04 03:23:10,2024-02-11 03:23:10,borrowed
97,748,10303,2024-01-17 07:13:34,2024-01-24 07:13:34,expired
98,747,6717,2024-02-14 02:27:23,2024-02-21 02:27:23,borrowed
99,832,2547,2024-06-23 00:56:02,2024-06-30 00:56:02,expired
100,795,1532,2023-11-27 12:59:12,2023-12-04 12:59:12,borrowed
101,682,3824,2024-01-25 20:50:06,2024-02-01 20:50:06,expired
102,246,11098,2024-08-14 23:18:11,2024-08-21 23:18:11,borrowed
103,357,5141,2024-01-09 13:48:31,2024-01-16 13:48:31,expired
104,329,9255,2023-12-18 11:31:05,2023-12-25 11:31:05,expired
105,640,10702,2024-08-19 14:29:29,2024-08-26 14:29:29,expired
106,567,6831,2024-02-23 20:55:10,2024-03-01 20:55:10,borrowed
107,861,8589,2024-02-25 18:35:34,2024-03-03 18:35:34,expired
108,801,2908,2023-12-15 17:32:41,2023-12-22 17:32:41,expired
109,20,526,2024-06-17 22:27:49,2024-06-24 22:27:49,borrowed
110,518,1292,2024-01-26 00:09:06,2024-02-02 00:09:06,borrowed
111,94,8396,2024-05-01 07:20:18,2024-05-08 07:20:18,borrowed
112,745,10879,2024-09-27 16:45:36,2024-10-04 16:45:36,expired
113,86,5583,2024-03-31 21:30:26,2024-04-07 21:30:26,borrowed
114,414,9555,2024-03-16 13:07:30,2024-03-23 13:07:30,expired
115,859,9148,2024-01-30 04:15:00,2024-02-06 04:15:00,borrowed
116,303,1885,2024-06-26 15:21:34,2024-07-03 15:21:34,borrowed
117,982,444,2024-10-17 16:08:32,2024-10-24 16:08:32,expired
118,62,4487,2024-03-02 16:31:41,2024-03-09 16:31:41,borrowed
119,108,9720,2024-10-01 01:05:58,2024-10-08 01:05:58,expired
120,575,10331,2024-09-09 17:32:13,2024-09-16 17:32:13,borrowed
121,791,7551,2024-01-27 03:02:12,2024-02-03 03:02:12,expired
122,586,1135,2024-07-04 04:25:10,2024-07-11 04:25:10,expired
123,873,5542,2024-03-17 11:03:54,2024-03-24 11:03:54,borrowed
124,921,5586,2024-04-17 12:59:23,2024-04-24 12:59:23,borrowed
125,480,7495,2024-06-21 14:41:32,2024-06-28 14:41:32,borrowed
126,555,5378,2023-11-29 14:46:33,2023-12-06 14:46:33,borrowed
127,859,9078,2024-02-09 02:36:35,2024-02-16 02:36:35,expired
128,853,9578,2024-03-06 17:09:13,2024-03-13 17:09:13,expired
129,805,5852,2024-09-29 00:50:20,2024-10-06 00:50:20,borrowed
130,17,3085,2024-03-07 13:37:46,2024-03-14 13:37:46,borrowed
131,621,10881,2024-04-27 19:27:31,2024-05-04 19:27:31,borrowed
132,511,6635,2024-05-05 22:39:16,2024-05-12 22:39:16,expired
133,369,10921,2024-07-03 12:00:41,2024-07-10 12:00:41,borrowed
134,143,10142,2024-04-26 18:30:37,2024-05-03 18:30:37,expired
135,229,7662,2024-04-30 19:32:09,2024-05-07 19:32:09,borrowed
136,391,697,2024-05-28 14:42:42,2024-06-04 14:42:42,expired
137,807,6322,2024-09-07 15:59:53,2024-09-14 15:59:53,expired
138,633,7378,2023-11-26 12:50:11,2023-12-03 12:50:11,borrowed
139,544,2863,2024-04-16 22:29:41,2024-04-23 22:29:41,expired
140,271,3969,2024-10-12 08:58:33,2024-10-19 08:58:33,expired
141,693,1347,2024-06-15 09:57:05,2024-06-22 09:57:05,borrowed
142,576,651,2024-01-02 01:34:27,2024-01-09 01:34:27,borrowed
143,159,8089,2024-09-30 22:06:26,2024-10-07 22:06:26,borrowed
144,119,80,2024-10-09 04:46:07,2024-10-16 04:46:07,borrowed
145,179,6620,2024-10-08 03:41:09,2024-10-15 03:41:09,expired
146,716,2648,2024-08-22 00:37:10,2024-08-29 00:37:10,borrowed
147,835,10759,2024-07-29 03:01:34,2024-08-05 03:01:34,borrowed
148,190,3235,2024-10-22 14:37:16,2024-10-29 14:37:16,expired
149,180,288,2024-08-27 14:16:05,2024-09-03 14:16:05,expired
150,727,937,2024-07-18 12:12:57,2024-07-25 12:12:57,expired
151,982,6568,2023-11-19 22:46:00,2023-11-26 22:46:00,expired
152,626,9884,2024-06-10 20:28:03,2024-06-17 20:28:03,borrowed
153,683,7219,2023-12-18 18:25:20,2023-12-25 18:25:20,expired
154,364,8384,2024-02-12 00:23:46,2024-02-19 00:23:46,borrowed
155,652,3369,2024-02-11 18:22:19,2024-02-18 18:22:19,expired
156,154,6036,2024-08-06 20:55:55,2024-08-13 20:55:55,borrowed
157,916,1049,2024-05-06 20:51:14,2024-05-13 20:51:14,expired
158,554,5572,2024-04-04 16:01:51,2024-04-11 16:01:51,expired
159,843,8552,2024-05-17 21:42:55,2024-05-24 21:42:55,expired
160,354,8076,2023-11-12 20:08:42,2023-11-19 20:08:42,borrowed
161,451,2272,2023-11-13 18:05:21,2023-11-20 18:05:21,expired
162,479,5076,2024-05-13 11:43:33,2024-05-20 11:43:33,expired
163,515,6382,2024-08-14 09:09:40,2024-08-21 09:09:40,borrowed
164,676,5110,2024-06-12 02:14:10,2024-06-19 02:14:10,borrowed
165,335,8206,2024-05-23 11:43:29,2024-05-30 11:43:29,expired
166,863,7415,2024-04-28 01:00:30,2024-05-05 01:00:30,expired
167,594,1632,2023-12-28 20:28:07,2024-01-04 20:28:07,borrowed
168,971,1894,2024-01-19 18:43:57,2024-01-26 18:43:57,borrowed
169,731,7301,2024-06-07 01:45:21,2024-06-14 01:45:21,expired
170,282,5370,2023-11-21 20:40:21,2023-11-28 20:40:21,borrowed
171,837,3994,2024-05-14 13:23:14,2024-05-21 13:23:14,expired
172,16,7033,2024-09-29 14:52:52,2024-10-06 14:52:52,borrowed
173,270,7952,2024-01-28 00:36:42,2024-02-04 00:36:42,borrowed
174,745,8413,2024-10-25 12:53:56,2024-11-01 12:53:56,expired
175,573,8048,2024-09-10 11:49:48,2024-09-17 11:49:48,expired
176,792,8408,2024-07-24 15:10:00,2024-07-31 15:10:00,borrowed
177,365,2390,2024-04-05 08:54:41,2024-04-12 08:54:41,expired
178,928,856,2024-05-02 04:22:28,2024-05-09 04:22:28,expired
179,90,7961,2024-09-26 13:34:55,2024-10-03 13:34:55,expired
180,187,6405,2024-03-10 13:38:24,2024-03-17 13:38:24,borrowed
181,708,9360,2024-08-09 04:52:35,2024-08-16 04:52:35,borrowed
182,267,6059,2024-03-19 20:05:16,2024-03-26 20:05:16,borrowed
183,237,9362,2024-01-01 13:15:31,2024-01-08 13:15:31,expired
184,340,8420,2023-12-28 12:05:44,2024-01-04 12:05:44,expired
185,662,3791,2024-06-08 05:45:52,2024-06-15 05:45:52,expired
186,345,9203,2024-03-24 04:16:36,2024-03-31 04:16:36,borrowed
187,150,11027,2024-11-05 19:19:33,2024-11-12 19:19:33,expired
188,29,6820,2024-05-05 12:43:22,2024-05-12 12:43:22,borrowed
189,541,3298,2024-04-15 12:34:10,2024-04-22 12:34:10,expired
190,153,6514,2024-01-07 09:39:53,2024-01-14 09:39:53,borrowed
191,465,8900,2024-01-22 09:14:31,2024-01-29 09:14:31,borrowed
192,898,874,2024-03-08 10:52:54,2024-03-15 10:52:54,expired
193,847,4394,2024-04-13 20:38:34,2024-04-20 20:38:34,expired
194,941,11040,2024-02-02 10:38:21,2024-02-09 10:38:21,expired
195,900,10056,2024-04-20 19:31:31,2024-04-27 19:31:31,borrowed
196,198,6218,2023-12-19 05:35:04,2023-12-26 05:35:04,borrowed
197,834,8863,2023-12-16 05:04:05,2023-12-23 05:04:05,expired
198,990,5342,2024-07-26 12:36:58,2024-08-02 12:36:58,borrowed
199,397,10625,2024-10-22 21:24:46,2024-10-29 21:24:46,borrowed
200,683,7202,2024-06-12 19:10:02,2024-06-19 19:10:02,borrowed
201,478,5227,2024-09-23 11:09:44,2024-09-30 11:09:44,borrowed
202,652,5547,2023-12-24 17:57:18,2023-12-31 17:57:18,borrowed
203,108,332,2024-09-18 13:39:22,2024-09-25 13:39:22,borrowed
204,922,8258,2024-05-29 12:18:31,2024-06-05 12:18:31,borrowed
205,116,7590,2024-10-06 07:18:31,2024-10-13 07:18:31,borrowed
206,104,11043,2024-01-20 21:23:43,2024-01-27 21:23:43,borrowed
207,232,1809,2024-02-09 13:14:20,2024-02-16 13:14:20,expired
208,633,2668,2023-12-01 15:46:09,2023-12-08 15:46:09,expired
209,719,1180,2024-06-15 21:16:48,2024-06-22 21:16:48,expired
210,716,8346,2024-07-18 06:35:48,2024-07-25 06:35:48,expired
211,707,1297,2023-11-29 01:02:13,2023-12-06 01:02:13,expired
212,165,4249,2024-08-03 11:36:00,2024-08-10 11:36:00,borrowed
213,229,10417,2024-03-01 06:41:16,2024-03-08 06:41:16,expired
214,874,7568,2024-09-15 01:49:29,2024-09-22 01:49:29,borrowed
215,851,474,2024-04-05 09:20:06,2024-04-12 09:20:06,expired
216,596,7220,2024-07-19 12:57:25,2024-07-26 12:57:25,borrowed
217,624,8802,2024-04-01 19:50:01,2024-04-08 19:50:01,borrowed
218,651,2670,2024-04-10 07:27:08,2024-04-17 07:27:08,expired
219,572,8744,2024-09-24 09:56:01,2024-10-01 09:56:01,borrowed
220,570,4206,2024-06-29 18:42:04,2024-07-06 18:42:04,expired
221,972,8924,2024-04-19 15:30:51,2024-04-26 15:30:51,expired
222,270,5799,2024-10-17 20:40:59,2024-10-24 20:40:59,expired
223,615,4297,2024-01-02 06:50:04,2024-01-09 06:50:04,expired
224,974,5950,2024-06-04 04:35:14,2024-06-11 04:35:14,borrowed
225,767,7717,2024-05-20 01:48:54,2024-05-27 01:48:54,expired
226,307,10236,2024-09-11 05:17:34,2024-09-18 05:17:34,borrowed
227,827,5099,2024-03-08 10:32:38,2024-03-15 10:32:38,borrowed
228,561,4765,2024-08-13 04:35:08,2024-08-20 04:35:08,borrowed
229,214,6197,2024-09-05 12:47:25,2024-09-12 12:47:25,expired
230,366,390,2024-01-17 22:37:11,2024-01-24 22:37:11,expired
231,600,9792,2024-01-31 13:38:25,2024-02-07 13:38:25,borrowed
232,85,7817,2024-03-10 01:51:24,2024-03-17 01:51:24,expired
233,384,1652,2024-06-06 23:53:00,2024-06-13 23:53:00,borrowed
234,631,1716,2024-02-23 23:06:55,2024-03-01 23:06:55,borrowed
235,610,9536,2024-08-07 11:09:51,2024-08-14 11:09:51,borrowed
236,5,4393,2024-08-01 21:49:22,2024-08-08 21:49:22,borrowed
237,139,6176,2024-10-30 00:58:52,2024-11-06 00:58:52,borrowed
238,127,2544,2024-05-24 04:40:00,2024-05-31 04:40:00,expired
239,143,4176,2024-03-06 11:36:44,2024-03-13 11:36:44,expired
240,457,3112,2024-10-26 19:03:37,2024-11-02 19:03:37,borrowed
241,382,9422,2024-06-23 10:44:55,2024-06-30 10:44:55,borrowed
242,2,4883,2024-01-21 03:20:09,2024-01-28 03:20:09,borrowed
243,13,3199,2024-05-07 04:11:03,2024-05-14 04:11:03,expired
244,453,6459,2024-05-24 15:18:01,2024-05-31 15:18:01,borrowed
245,64,9341,2024-08-05 11:36:34,2024-08-12 11:36:34,expired
246,898,10069,2024-06-06 01:33:36,2024-06-13 01:33:36,expired
247,143,11063,2024-05-23 02:59:46,2024-05-30 02:59:46,borrowed
248,378,9209,2024-06-18 22:00:17,2024-06-25 22:00:17,expired
249,21,10740,2024-09-02 07:27:50,2024-09-09 07:27:50,borrowed
250,458,8328,2024-09-30 11:02:38,2024-10-07 11:02:38,expired
251,878,3257,2024-05-18 13:55:14,2024-05-25 13:55:14,borrowed
252,241,9347,2024-07-03 19:19:21,2024-07-10 19:19:21,expired
253,25,10592,2024-11-11 09:02:54,2024-11-18 09:02:54,expired
254,548,161,2024-08-05 22:04:41,2024-08-12 22:04:41,expired
255,126,3696,2024-06-11 18:29:15,2024-06-18 18:29:15,expired
256,758,3784,2024-04-23 23:02:24,2024-04-30 23:02:24,expired
257,613,5023,2024-08-07 13:28:02,2024-08-14 13:28:02,expired
258,645,8816,2024-02-15 15:19:05,2024-02-22 15:19:05,expired
259,771,5852,2024-08-06 08:32:46,2024-08-13 08:32:46,expired
260,496,11053,2024-10-10 18:41:42,2024-10-17 18:41:42,borrowed
261,384,8591,2024-06-21 20:53:35,2024-06-28 20:53:35,expired
262,30,6615,2024-02-16 16:24:53,2024-02-23 16:24:53,expired
263,91,3180,2024-10-20 00:55:53,2024-10-27 00:55:53,expired
264,24,6706,2024-09-02 08:09:01,2024-09-09 08:09:01,borrowed
265,876,2258,2024-08-04 11:06:44,2024-08-11 11:06:44,borrowed
266,324,8401,2024-11-06 11:22:22,2024-11-13 11:22:22,expired
267,493,8997,2024-08-02 08:23:51,2024-08-09 08:23:51,expired
268,974,8583,2024-05-21 10:22:03,2024-05-28 10:22:03,expired
269,384,9029,2024-02-16 09:25:13,2024-02-23 09:25:13,borrowed
270,608,3905,2024-06-05 18:59:11,2024-06-12 18:59:11,expired
271,173,1527,2024-10-23 17:25:10,2024-10-30 17:25:10,borrowed
272,95,4234,2024-11-01 14:24:57,2024-11-08 14:24:57,borrowed
273,932,258,2024-01-09 09:36:24,2024-01-16 09:36:24,borrowed
274,7,5799,2024-09-12 21:19:08,2024-09-19 21:19:08,expired
275,164,4221,2023-12-07 01:02:04,2023-12-14 01:02:04,expired
276,387,6438,2024-03-03 00:03:24,2024-03-10 00:03:24,expired
277,998,47,2024-02-11 09:36:40,2024-02-18 09:36:40,borrowed
278,926,6265,2024-03-10 17:05:20,2024-03-17 17:05:20,expired
279,307,10696,2024-07-13 05:09:16,2024-07-20 05:09:16,expired
280,621,640,2024-08-15 17:46:16,2024-08-22 17:46:16,borrowed
281,782,10880,2024-08-02 05:40:22,2024-08-09 05:40:22,expired
282,906,9040,2024-06-01 18:23:08,2024-06-08 18:23:08,expired
283,407,9683,2023-12-06 01:55:09,2023-12-13 01:55:09,expired
284,215,751,2024-05-16 05:21:49,2024-05-23 05:21:49,expired
285,146,7118,2024-11-04 19:22:18,2024-11-11 19:22:18,borrowed
286,686,3875,2024-09-04 12:18:54,2024-09-11 12:18:54,borrowed
287,160,1020,2024-08-06 17:50:27,2024-08-13 17:50:27,expired
288,645,5451,2024-01-06 21:54:38,2024-01-13 21:54:38,borrowed
289,494,7368,2024-08-01 20:40:29,2024-08-08 20:40:29,expired
290,102,2557,2024-05-24 23:03:05,2024-05-31 23:03:05,borrowed
291,2,3507,2024-09-02 00:30:19,2024-09-09 00:30:19,expired
292,864,3458,2024-10-02 04:24:06,2024-10-09 04:24:06,expired
293,29,7628,2024-02-12 08:04:30,2024-02-19 08:04:30,borrowed
294,180,1614,2023-11-20 22:29:38,2023-11-27 22:29:38,expired
295,469,9434,2024-05-17 15:39:47,2024-05-24 15:39:47,expired
296,191,5058,2024-07-20 05:05:24,2024-07-27 05:05:24,borrowed
297,341,9050,2024-08-27 17:52:27,2024-09-03 17:52:27,borrowed
298,721,1853,2023-12-02 17:28:43,2023-12-09 17:28:43,borrowed
299,451,5975,2024-05-22 12:04:13,2024-05-29 12:04:13,expired
300,849,3592,2023-12-11 07:04:17,2023-12-18 07:04:17,expired
301,681,4686,2024-01-27 03:21:02,2024-02-03 03:21:02,borrowed
302,570,10447,2024-04-16 21:43:06,2024-04-23 21:43:06,expired
303,579,75,2024-01-21 14:49:19,2024-01-28 14:49:19,expired
304,446,8778,2023-12-04 04:42:36,2023-12-11 04:42:36,borrowed
305,985,3617,2024-10-24 03:22:15,2024-10-31 03:22:15,expired
306,494,2246,2024-04-13 22:30:18,2024-04-20 22:30:18,expired
307,465,10308,2024-10-01 04:34:40,2024-10-08 04:34:40,expired
308,596,6274,2024-08-12 02:21:26,2024-08-19 02:21:26,expired
309,825,4528,2024-03-09 00:18:20,2024-03-16 00:18:20,expired
310,576,1635,2024-01-30 02:10:35,2024-02-06 02:10:35,expired
311,682,10922,2024-07-23 14:04:59,2024-07-30 14:04:59,expired
312,469,1349,2024-06-18 23:55:50,2024-06-25 23:55:50,expired
313,768,8084,2024-03-18 07:02:03,2024-03-25 07:02:03,expired
314,417,1445,2023-12-24 03:01:30,2023-12-31 03:01:30,expired
315,101,2081,2024-02-08 21:05:26,2024-02-15 21:05:26,borrowed
316,896,9547,2024-07-31 14:35:03,2024-08-07 14:35:03,borrowed
317,667,8825,2024-10-03 07:50:24,2024-10-10 07:50:24,borrowed
318,493,4576,2024-08-16 14:06:25,2024-08-23 14:06:25,expired
319,704,9584,2024-02-24 11:34:55,2024-03-02 11:34:55,expired
320,76,988,2024-01-31 12:17:48,2024-02-07 12:17:48,expired
321,139,2244,2024-05-20 16:19:44,2024-05-27 16:19:44,expired
322,271,5168,2024-11-03 13:51:46,2024-11-10 13:51:46,expired
323,47,3200,2024-03-15 14:17:05,2024-03-22 14:17:05,borrowed
324,10,4623,2023-12-10 10:49:11,2023-12-17 10:49:11,borrowed
325,346,9595,2024-06-11 21:59:52,2024-06-18 21:59:52,borrowed
326,880,1657,2024-06-26 21:48:56,2024-07-03 21:48:56,expired
327,632,9729,2024-01-08 06:03:17,2024-01-15 06:03:17,borrowed
328,107,3245,2024-04-02 13:01:00,2024-04-09 13:01:00,expired
329,217,672,2024-01-20 02:08:11,2024-01-27 02:08:11,borrowed
330,971,3525,2024-10-27 16:40:21,2024-11-03 16:40:21,expired
331,455,9635,2024-03-04 08:23:41,2024-03-11 08:23:41,expired
332,894,5778,2024-07-08 06:06:17,2024-07-15 06:06:17,expired
333,988,867,2024-10-05 22:16:01,2024-10-12 22:16:01,borrowed
334,850,7797,2023-12-06 09:43:50,2023-12-13 09:43:50,expired
335,441,5934,2024-04-12 21:22:02,2024-04-19 21:22:02,expired
336,201,7341,2023-11-22 11:55:11,2023-11-29 11:55:11,expired
337,239,2550,2024-02-29 08:37:52,2024-03-07 08:37:52,expired
338,912,5372,2023-11-12 18:04:39,2023-11-19 18:04:39,borrowed
339,673,7053,2024-03-08 10:32:44,2024-03-15 10:32:44,expired
340,663,8323,2024-06-29 23:12:16,2024-07-06 23:12:16,borrowed
341,179,3513,2024-07-15 21:01:25,2024-07-22 21:01:25,borrowed
342,601,6792,2024-05-09 08:55:37,2024-05-16 08:55:37,borrowed
343,207,7968,2024-04-06 19:11:26,2024-04-13 19:11:26,expired
344,59,6825,2024-08-01 03:35:53,2024-08-08 03:35:53,borrowed
345,657,6412,2024-01-24 01:53:58,2024-01-31 01:53:58,expired
346,266,6640,2024-06-04 03:03:50,2024-06-11 03:03:50,expired
347,944,5506,2024-07-26 00:08:21,2024-08-02 00:08:21,borrowed
348,933,3460,2023-11-26 02:15:22,2023-12-03 02:15:22,expired
349,714,6896,2024-07-14 00:29:52,2024-07-21 00:29:52,expired
350,874,9852,2023-11-16 01:08:21,2023-11-23 01:08:21,expired
351,540,382,2024-02-20 04:36:08,2024-02-27 04:36:08,expired
352,704,10361,2024-10-11 05:44:10,2024-10-18 05:44:10,borrowed
353,606,1654,2024-07-25 13:04:14,2024-08-01 13:04:14,borrowed
354,454,5315,2024-03-20 18:10:22,2024-03-27 18:10:22,borrowed
355,251,8260,2024-11-05 18:15:21,2024-11-12 18:15:21,expired
356,85,6394,2024-08-30 05:00:54,2024-09-06 05:00:54,expired
357,276,1042,2024-07-16 13:22:53,2024-07-23 13:22:53,borrowed
358,270,5297,2023-12-09 09:37:28,2023-12-16 09:37:28,expired
359,341,7664,2024-09-10 06:29:27,2024-09-17 06:29:27,borrowed
360,295,5343,2024-05-08 16:31:48,2024-05-15 16:31:48,expired
361,394,7492,2024-08-01 06:57:00,2024-08-08 06:57:00,borrowed
362,169,9152,2024-03-05 00:06:49,2024-03-12 00:06:49,borrowed
363,736,4987,2023-12-24 13:49:37,2023-12-31 13:49:37,expired
364,228,2124,2024-07-12 12:48:36,2024-07-19 12:48:36,borrowed
365,917,6940,2024-06-19 19:52:12,2024-06-26 19:52:12,borrowed
366,279,6613,2024-10-12 00:36:01,2024-10-19 00:36:01,borrowed
367,172,10988,2024-07-01 19:44:57,2024-07-08 19:44:57,borrowed
368,896,4434,2023-12-06 01:20:52,2023-12-13 01:20:52,borrowed
369,64,6385,2024-05-29 20:30:52,2024-06-05 20:30:52,borrowed
370,603,6196,2024-06-26 18:52:48,2024-07-03 18:52:48,borrowed
371,623,4245,2024-08-18 12:36:26,2024-08-25 12:36:26,borrowed
372,512,6768,2024-02-06 16:16:53,2024-02-13 16:16:53,expired
373,426,6816,2024-07-21 19:53:54,2024-07-28 19:53:54,expired
374,106,9489,2024-02-11 12:18:28,2024-02-18 12:18:28,expired
375,188,2473,2024-10-27 00:06:24,2024-11-03 00:06:24,borrowed
376,5,5145,2024-05-11 07:30:51,2024-05-18 07:30:51,borrowed
377,575,1844,2024-09-02 03:56:17,2024-09-09 03:56:17,borrowed
378,139,9988,2023-12-24 15:24:24,2023-12-31 15:24:24,borrowed
379,980,870,2023-12-18 16:07:08,2023-12-25 16:07:08,borrowed
380,344,10731,2023-12-25 22:39:11,2024-01-01 22:39:11,borrowed
381,336,7364,2024-04-08 02:20:50,2024-04-15 02:20:50,borrowed
382,766,152,2023-12-18 13:14:25,2023-12-25 13:14:25,expired
383,723,8362,2024-05-03 21:55:29,2024-05-10 21:55:29,borrowed
384,106,8256,2023-11-14 19:42:04,2023-11-21 19:42:04,expired
385,378,6650,2024-03-25 21:21:42,2024-04-01 21:21:42,borrowed
386,407,8239,2023-11-29 15:11:07,2023-12-06 15:11:07,borrowed
387,246,9405,2023-12-09 01:21:34,2023-12-16 01:21:34,borrowed
388,195,4864,2024-06-30 19:44:47,2024-07-07 19:44:47,expired
389,655,68,2024-09-11 23:57:26,2024-09-18 23:57:26,borrowed
390,94,7502,2024-05-23 09:11:26,2024-05-30 09:11:26,expired
391,652,8489,2024-07-29 05:11:37,2024-08-05 05:11:37,borrowed
392,734,6316,2024-01-27 00:51:27,2024-02-03 00:51:27,borrowed
393,734,10295,2024-05-01 21:21:59,2024-05-08 21:21:59,expired
394,478,1596,2024-08-28 17:37:39,2024-09-04 17:37:39,borrowed
395,143,4311,2024-06-15 22:58:14,2024-06-22 22:58:14,expired
396,718,742,2024-06-26 03:48:01,2024-07-03 03:48:01,expired
397,809,9405,2024-08-22 11:20:12,2024-08-29 11:20:12,expired
398,940,5830,2024-01-03 00:31:50,2024-01-10 00:31:50,borrowed
399,400,6018,2024-03-28 20:37:43,2024-04-04 20:37:43,expired
400,662,6964,2024-08-20 21:09:47,2024-08-27 21:09:47,expired
401,722,5233,2024-10-21 18:54:28,2024-10-28 18:54:28,borrowed
402,717,9877,2024-03-02 02:20:22,2024-03-09 02:20:22,borrowed
403,407,2972,2023-12-27 09:05:38,2024-01-03 09:05:38,expired
404,158,5004,2024-02-02 16:50:54,2024-02-09 16:50:54,borrowed
405,786,10924,2024-08-17 10:53:02,2024-08-24 10:53:02,expired
406,10,375,2024-07-12 05:24:01,2024-07-19 05:24:01,expired
407,723,10820,2024-09-01 04:58:01,2024-09-08 04:58:01,expired
408,437,3371,2024-02-20 00:16:44,2024-02-27 00:16:44,expired
409,788,6639,2024-02-13 08:15:32,2024-02-20 08:15:32,expired
410,213,7674,2024-03-05 15:04:09,2024-03-12 15:04:09,borrowed
411,82,1982,2024-04-30 18:57:51,2024-05-07 18:57:51,borrowed
412,652,9565,2024-03-11 12:16:26,2024-03-18 12:16:26,expired
413,791,3297,2024-02-17 03:41:22,2024-02-24 03:41:22,borrowed
414,591,5119,2024-04-10 19:58:42,2024-04-17 19:58:42,expired
415,400,799,2024-01-04 16:36:40,2024-01-11 16:36:40,borrowed
416,215,4776,2024-03-18 20:15:05,2024-03-25 20:15:05,borrowed
417,570,4620,2023-11-13 18:53:34,2023-11-20 18:53:34,expired
418,427,10160,2024-06-17 22:03:45,2024-06-24 22:03:45,borrowed
419,623,1588,2024-05-10 05:44:37,2024-05-17 05:44:37,expired
420,832,6805,2023-12-26 09:20:29,2024-01-02 09:20:29,expired
421,880,341,2024-04-13 03:53:15,2024-04-20 03:53:15,expired
422,371,4890,2024-03-14 06:06:06,2024-03-21 06:06:06,borrowed
423,572,9865,2024-06-21 20:21:49,2024-06-28 20:21:49,borrowed
424,328,1281,2023-12-03 06:30:55,2023-12-10 06:30:55,borrowed
425,828,470,2024-05-18 19:01:48,2024-05-25 19:01:48,expired
426,78,559,2024-05-10 12:21:16,2024-05-17 12:21:16,expired
427,881,9445,2024-02-28 04:13:54,2024-03-06 04:13:54,borrowed
428,338,8968,2023-11-28 17:51:30,2023-12-05 17:51:30,expired
429,35,7686,2024-10-03 08:25:27,2024-10-10 08:25:27,borrowed
430,717,3538,2024-06-13 02:12:17,2024-06-20 02:12:17,expired
431,891,9939,2023-11-16 19:07:19,2023-11-23 19:07:19,expired
432,982,77,2024-06-26 09:29:52,2024-07-03 09:29:52,borrowed
433,723,5234,2024-08-03 02:01:06,2024-08-10 02:01:06,expired
434,646,7770,2024-08-09 12:01:00,2024-08-16 12:01:00,expired
435,287,10889,2024-04-26 05:23:18,2024-05-03 05:23:18,borrowed
436,827,3945,2024-04-26 13:07:43,2024-05-03 13:07:43,expired
437,822,9825,2024-07-14 00:38:05,2024-07-21 00:38:05,borrowed
438,148,7345,2024-10-15 18:54:35,2024-10-22 18:54:35,borrowed
439,186,1135,2024-08-27 02:36:00,2024-09-03 02:36:00,borrowed
440,331,3181,2023-12-31 19:49:48,2024-01-07 19:49:48,borrowed
441,490,4588,2024-06-21 04:08:57,2024-06-28 04:08:57,borrowed
442,498,7276,2023-12-18 01:16:02,2023-12-25 01:16:02,expired
443,955,4357,2024-01-27 12:04:13,2024-02-03 12:04:13,expired
444,570,4924,2024-08-14 15:46:48,2024-08-21 15:46:48,expired
445,37,1572,2024-04-11 11:04:25,2024-04-18 11:04:25,borrowed
446,56,8606,2024-04-17 10:10:26,2024-04-24 10:10:26,expired
447,333,9753,2024-05-22 21:34:34,2024-05-29 21:34:34,expired
448,983,8961,2024-02-10 18:52:29,2024-02-17 18:52:29,borrowed
449,712,6803,2023-12-11 11:30:33,2023-12-18 11:30:33,borrowed
450,837,87,2023-11-22 10:21:13,2023-11-29 10:21:13,borrowed
451,300,5144,2024-07-26 22:57:50,2024-08-02 22:57:50,borrowed
452,103,3600,2024-03-14 14:24:02,2024-03-21 14:24:02,expired
453,879,756,2024-07-03 22:52:23,2024-07-10 22:52:23,borrowed
454,542,10398,2024-03-27 11:23:47,2024-04-03 11:23:47,expired
455,911,8724,2024-03-03 19:39:41,2024-03-10 19:39:41,borrowed
456,935,4185,2024-10-17 04:31:32,2024-10-24 04:31:32,borrowed
457,542,8922,2024-09-28 23:40:49,2024-10-05 23:40:49,borrowed
458,13,7542,2024-02-02 01:51:21,2024-02-09 01:51:21,borrowed
459,697,7818,2024-04-21 22:58:16,2024-04-28 22:58:16,borrowed
460,701,5831,2023-12-19 13:40:49,2023-12-26 13:40:49,expired
461,427,9825,2024-04-04 04:45:18,2024-04-11 04:45:18,expired
462,19,4694,2024-01-16 16:45:33,2024-01-23 16:45:33,expired
463,713,6301,2023-11-20 16:02:21,2023-11-27 16:02:21,borrowed
464,528,6337,2024-08-12 05:56:29,2024-08-19 05:56:29,expired
465,850,227,2024-05-10 16:58:17,2024-05-17 16:58:17,expired
466,562,4925,2024-03-15 11:35:39,2024-03-22 11:35:39,expired
467,401,9692,2024-04-28 17:03:48,2024-05-05 17:03:48,expired
468,370,6193,2024-02-20 05:36:26,2024-02-27 05:36:26,expired
469,960,9717,2024-06-09 00:21:39,2024-06-16 00:21:39,borrowed
470,442,868,2024-01-31 12:56:31,2024-02-07 12:56:31,borrowed
471,294,2268,2024-05-01 23:02:57,2024-05-08 23:02:57,borrowed
472,935,4563,2024-06-27 22:55:03,2024-07-04 22:55:03,borrowed
473,192,5072,2023-11-19 04:46:31,2023-11-26 04:46:31,expired
474,264,6965,2024-05-06 19:00:35,2024-05-13 19:00:35,borrowed
475,362,10672,2024-02-14 17:02:28,2024-02-21 17:02:28,borrowed
476,375,9131,2024-03-06 14:03:05,2024-03-13 14:03:05,borrowed
477,832,6580,2024-02-06 09:30:52,2024-02-13 09:30:52,borrowed
478,969,970,2024-02-28 04:28:19,2024-03-06 04:28:19,borrowed
479,606,9697,2023-12-04 00:57:14,2023-12-11 00:57:14,expired
480,336,7471,2024-02-20 22:55:49,2024-02-27 22:55:49,expired
481,590,6334,2023-12-21 21:01:25,2023-12-28 21:01:25,borrowed
482,534,369,2024-01-28 10:19:14,2024-02-04 10:19:14,expired
483,212,7358,2024-03-18 00:05:52,2024-03-25 00:05:52,expired
484,51,2096,2024-01-01 21:38:02,2024-01-08 21:38:02,expired
485,699,6188,2024-05-17 18:50:35,2024-05-24 18:50:35,expired
486,170,3260,2024-03-22 10:56:12,2024-03-29 10:56:12,borrowed
487,741,55,2024-04-29 17:10:39,2024-05-06 17:10:39,expired
488,357,7580,2024-06-15 11:54:34,2024-06-22 11:54:34,expired
489,778,2018,2023-12-16 23:47:34,2023-12-23 23:47:34,borrowed
490,804,3457,2023-11-18 13:46:46,2023-11-25 13:46:46,borrowed
491,105,4380,2024-10-25 13:18:42,2024-11-01 13:18:42,borrowed
492,332,9844,2024-07-20 15:01:01,2024-07-27 15:01:01,borrowed
493,476,2497,2024-04-17 11:20:17,2024-04-24 11:20:17,borrowed
494,876,6526,2024-09-03 05:29:32,2024-09-10 05:29:32,borrowed
495,811,8477,2024-05-25 22:39:40,2024-06-01 22:39:40,borrowed
496,383,9799,2024-01-29 19:12:21,2024-02-05 19:12:21,expired
497,153,1702,2024-07-19 03:59:04,2024-07-26 03:59:04,expired
498,165,6655,2024-02-04 09:57:58,2024-02-11 09:57:58,borrowed
499,869,9009,2024-09-06 05:42:42,2024-09-13 05:42:42,expired
500,612,20,2024-02-18 20:32:17,2024-02-25 20:32:17,borrowed
501,324,11089,2024-09-21 22:30:59,2024-09-28 22:30:59,expired
502,106,7177,2024-06-27 02:34:52,2024-07-04 02:34:52,expired
503,888,5199,2024-01-03 11:30:58,2024-01-10 11:30:58,expired
504,190,9626,2024-01-16 00:25:10,2024-01-23 00:25:10,expired
505,171,10762,2024-10-29 00:53:54,2024-11-05 00:53:54,expired
506,181,6102,2024-05-14 08:33:27,2024-05-21 08:33:27,expired
507,322,9688,2024-03-31 05:57:24,2024-04-07 05:57:24,borrowed
508,218,8726,2024-10-19 19:12:35,2024-10-26 19:12:35,expired
509,839,926,2024-04-18 20:26:50,2024-04-25 20:26:50,expired
510,128,248,2024-01-13 08:44:16,2024-01-20 08:44:16,expired
511,903,1454,2024-03-19 04:18:45,2024-03-26 04:18:45,expired
512,584,3344,2024-09-04 06:14:12,2024-09-11 06:14:12,borrowed
513,13,4537,2023-12-29 01:30:42,2024-01-05 01:30:42,borrowed
514,375,2188,2024-10-08 20:41:00,2024-10-15 20:41:00,expired
515,708,8243,2023-11-29 20:54:20,2023-12-06 20:54:20,borrowed
516,964,8371,2024-02-12 17:13:29,2024-02-19 17:13:29,expired
517,649,328,2024-04-16 05:49:14,2024-04-23 05:49:14,borrowed
518,403,3804,2024-02-29 04:28:10,2024-03-07 04:28:10,borrowed
519,721,2424,2024-07-13 15:49:22,2024-07-20 15:49:22,expired
520,130,7558,2023-11-21 11:57:08,2023-11-28 11:57:08,borrowed
521,198,6026,2024-07-17 09:44:13,2024-07-24 09:44:13,borrowed
522,626,2675,2024-03-21 16:11:45,2024-03-28 16:11:45,borrowed
523,775,4923,2024-09-04 16:36:04,2024-09-11 16:36:04,borrowed
524,863,53,2023-12-30 11:27:47,2024-01-06 11:27:47,borrowed
525,479,1293,2024-08-01 14:42:28,2024-08-08 14:42:28,expired
526,583,7386,2024-02-27 07:46:33,2024-03-05 07:46:33,borrowed
527,439,5187,2023-12-22 02:36:10,2023-12-29 02:36:10,expired
528,769,3166,2024-01-04 10:14:28,2024-01-11 10:14:28,expired
529,799,1718,2024-03-15 09:22:03,2024-03-22 09:22:03,expired
530,710,10972,2023-12-01 16:00:28,2023-12-08 16:00:28,borrowed
531,654,857,2024-04-04 07:41:47,2024-04-11 07:41:47,expired
532,116,9873,2024-07-14 07:33:14,2024-07-21 07:33:14,expired
533,694,413,2024-05-24 12:27:26,2024-05-31 12:27:26,borrowed
534,218,9242,2024-11-06 12:15:16,2024-11-13 12:15:16,expired
535,77,5576,2024-01-10 20:28:15,2024-01-17 20:28:15,expired
536,644,9090,2024-11-04 23:06:48,2024-11-11 23:06:48,expired
537,818,7977,2024-01-04 04:23:07,2024-01-11 04:23:07,expired
538,647,5290,2024-03-21 03:44:59,2024-03-28 03:44:59,expired
539,993,4385,2024-07-29 03:37:58,2024-08-05 03:37:58,expired
540,535,3914,2024-04-17 00:26:22,2024-04-24 00:26:22,expired
541,836,2119,2024-10-02 12:05:34,2024-10-09 12:05:34,expired
542,531,10198,2024-01-15 16:07:30,2024-01-22 16:07:30,borrowed
543,209,404,2024-01-02 21:39:17,2024-01-09 21:39:17,borrowed
544,81,10685,2024-06-03 11:54:04,2024-06-10 11:54:04,borrowed
545,892,10287,2024-07-15 13:49:35,2024-07-22 13:49:35,expired
546,194,4439,2024-03-25 07:49:14,2024-04-01 07:49:14,borrowed
547,402,8667,2024-02-15 05:42:35,2024-02-22 05:42:35,expired
548,189,2556,2024-09-25 09:38:44,2024-10-02 09:38:44,expired
549,56,10183,2024-07-05 19:02:30,2024-07-12 19:02:30,expired
550,899,1913,2024-10-02 00:32:42,2024-10-09 00:32:42,borrowed
551,406,10730,2024-06-18 10:43:14,2024-06-25 10:43:14,expired
552,974,3349,2024-08-12 16:16:06,2024-08-19 16:16:06,borrowed
553,396,7671,2024-02-02 18:56:40,2024-02-09 18:56:40,borrowed
554,605,1381,2024-10-06 14:10:38,2024-10-13 14:10:38,expired
555,383,10792,2024-04-14 19:58:47,2024-04-21 19:58:47,expired
556,772,2663,2024-10-20 20:29:16,2024-10-27 20:29:16,expired
557,427,6485,2024-06-21 03:12:31,2024-06-28 03:12:31,expired
558,868,5540,2024-05-16 13:43:58,2024-05-23 13:43:58,borrowed
559,968,10104,2024-05-26 12:26:16,2024-06-02 12:26:16,expired
560,862,9571,2024-07-24 21:57:29,2024-07-31 21:57:29,expired
561,744,5607,2024-08-15 15:29:28,2024-08-22 15:29:28,borrowed
562,4,2965,2024-02-29 23:24:11,2024-03-07 23:24:11,expired
563,563,8198,2024-01-22 13:44:51,2024-01-29 13:44:51,expired
564,622,2831,2024-06-14 02:40:55,2024-06-21 02:40:55,expired
565,218,10785,2024-01-07 14:34:42,2024-01-14 14:34:42,borrowed
566,95,10295,2024-01-31 09:48:08,2024-02-07 09:48:08,borrowed
567,477,2513,2023-11-22 10:03:19,2023-11-29 10:03:19,borrowed
568,161,4289,2024-04-23 05:59:41,2024-04-30 05:59:41,expired
569,66,5332,2024-02-03 01:02:44,2024-02-10 01:02:44,borrowed
570,822,9362,2023-12-29 01:46:35,2024-01-05 01:46:35,expired
571,781,10306,2024-01-17 07:11:10,2024-01-24 07:11:10,expired
572,38,391,2023-12-24 20:12:57,2023-12-31 20:12:57,expired
573,36,6047,2024-10-19 02:00:43,2024-10-26 02:00:43,borrowed
574,717,1181,2024-11-04 22:40:03,2024-11-11 22:40:03,borrowed
575,411,5102,2024-05-30 14:15:50,2024-06-06 14:15:50,borrowed
576,624,2443,2024-11-07 23:24:01,2024-11-14 23:24:01,borrowed
577,206,6466,2024-09-09 17:23:04,2024-09-16 17:23:04,borrowed
578,124,6383,2024-03-22 07:38:39,2024-03-29 07:38:39,expired
579,258,2498,2024-02-13 21:49:25,2024-02-20 21:49:25,borrowed
580,639,304,2024-05-13 21:29:19,2024-05-20 21:29:19,borrowed
581,699,1188,2024-10-11 16:14:11,2024-10-18 16:14:11,expired
582,199,10602,2024-06-25 15:38:56,2024-07-02 15:38:56,expired
583,837,1055,2024-08-29 13:03:43,2024-09-05 13:03:43,expired
584,63,206,2024-07-19 03:25:27,2024-07-26 03:25:27,borrowed
585,157,10438,2024-07-21 14:58:58,2024-07-28 14:58:58,expired
586,69,1859,2024-01-15 15:11:14,2024-01-22 15:11:14,expired
587,585,10165,2024-02-29 05:45:27,2024-03-07 05:45:27,expired
588,771,3112,2024-08-02 09:44:17,2024-08-09 09:44:17,borrowed
589,983,10156,2023-12-07 12:24:45,2023-12-14 12:24:45,expired
590,141,9912,2023-11-20 07:58:46,2023-11-27 07:58:46,expired
591,564,5853,2024-08-06 03:19:31,2024-08-13 03:19:31,borrowed
592,335,3375,2024-09-19 23:54:26,2024-09-26 23:54:26,borrowed
593,955,6047,2023-12-17 12:03:15,2023-12-24 12:03:15,expired
594,732,1000,2024-02-12 16:21:48,2024-02-19 16:21:48,borrowed
595,631,5299,2024-07-20 00:43:43,2024-07-27 00:43:43,borrowed
596,129,8212,2024-03-12 17:16:03,2024-03-19 17:16:03,borrowed
597,40,10167,2024-05-07 12:49:16,2024-05-14 12:49:16,borrowed
598,932,9330,2023-11-21 01:28:19,2023-11-28 01:28:19,borrowed
599,567,10501,2024-09-19 08:42:34,2024-09-26 08:42:34,borrowed
600,424,8968,2023-11-15 13:17:40,2023-11-22 13:17:40,borrowed
601,696,511,2024-07-31 20:47:52,2024-08-07 20:47:52,borrowed
602,729,5386,2024-07-25 17:32:07,2024-08-01 17:32:07,expired
603,317,10734,2024-04-19 16:55:14,2024-04-26 16:55:14,expired
604,552,4314,2024-07-18 07:30:02,2024-07-25 07:30:02,borrowed
605,595,6054,2024-07-26 00:33:54,2024-08-02 00:33:54,borrowed
606,762,140,2024-09-25 09:54:25,2024-10-02 09:54:25,expired
607,403,7147,2023-12-01 08:36:27,2023-12-08 08:36:27,expired
608,265,6003,2024-02-19 14:57:42,2024-02-26 14:57:42,expired
609,842,7749,2023-11-28 17:04:20,2023-12-05 17:04:20,expired
610,499,3973,2024-02-09 06:26:48,2024-02-16 06:26:48,borrowed
611,450,5008,2024-05-16 01:14:02,2024-05-23 01:14:02,borrowed
612,514,5519,2024-07-06 20:02:01,2024-07-13 20:02:01,borrowed
613,200,7173,2023-12-29 05:07:13,2024-01-05 05:07:13,borrowed
614,621,7879,2024-09-10 08:21:48,2024-09-17 08:21:48,borrowed
615,478,5209,2024-02-04 07:30:12,2024-02-11 07:30:12,expired
616,10,5531,2024-04-29 14:25:22,2024-05-06 14:25:22,expired
617,807,2555,2024-03-24 16:14:22,2024-03-31 16:14:22,borrowed
618,929,5490,2024-07-10 01:31:47,2024-07-17 01:31:47,expired
619,255,1569,2024-08-12 14:46:47,2024-08-19 14:46:47,expired
620,162,5922,2024-06-03 17:37:14,2024-06-10 17:37:14,borrowed
621,410,4554,2024-10-02 23:15:03,2024-10-09 23:15:03,borrowed
622,720,4525,2024-09-11 11:16:47,2024-09-18 11:16:47,borrowed
623,340,6292,2023-12-09 05:44:56,2023-12-16 05:44:56,borrowed
624,915,4789,2024-09-28 12:15:07,2024-10-05 12:15:07,borrowed
625,753,9446,2024-08-19 12:21:45,2024-08-26 12:21:45,borrowed
626,415,6604,2024-08-22 02:51:57,2024-08-29 02:51:57,borrowed
627,572,4639,2024-01-09 20:30:44,2024-01-16 20:30:44,expired
628,219,6958,2024-07-13 14:26:07,2024-07-20 14:26:07,borrowed
629,421,7675,2024-05-13 18:08:46,2024-05-20 18:08:46,expired
630,858,9255,2024-09-06 01:24:36,2024-09-13 01:24:36,borrowed
631,721,3158,2024-09-22 17:06:09,2024-09-29 17:06:09,borrowed
632,112,702,2024-10-14 09:56:44,2024-10-21 09:56:44,expired
633,589,9263,2024-06-23 22:08:03,2024-06-30 22:08:03,expired
634,631,1898,2023-11-25 02:55:28,2023-12-02 02:55:28,expired
635,432,8173,2024-07-26 16:37:55,2024-08-02 16:37:55,borrowed
636,590,5737,2024-05-19 04:00:24,2024-05-26 04:00:24,expired
637,966,3646,2024-07-20 20:27:21,2024-07-27 20:27:21,borrowed
638,667,3837,2023-12-07 12:54:57,2023-12-14 12:54:57,borrowed
639,766,765,2024-03-23 14:01:04,2024-03-30 14:01:04,borrowed
640,751,8869,2024-06-30 16:14:19,2024-07-07 16:14:19,expired
641,372,4005,2023-12-03 02:11:26,2023-12-10 02:11:26,borrowed
642,105,9030,2024-09-19 01:03:25,2024-09-26 01:03:25,borrowed
643,64,7357,2024-04-06 09:24:29,2024-04-13 09:24:29,expired
644,296,6234,2024-07-15 05:29:29,2024-07-22 05:29:29,borrowed
645,910,2867,2023-12-26 22:14:04,2024-01-02 22:14:04,expired
646,662,9749,2024-08-11 02:43:46,2024-08-18 02:43:46,expired
647,121,10553,2024-02-18 18:44:26,2024-02-25 18:44:26,expired
648,985,835,2024-01-29 18:05:32,2024-02-05 18:05:32,expired
649,568,7750,2023-11-17 09:07:36,2023-11-24 09:07:36,expired
650,592,3981,2023-12-27 05:49:24,2024-01-03 05:49:24,borrowed
651,338,9183,2024-01-28 19:56:15,2024-02-04 19:56:15,expired
652,898,4359,2024-01-18 20:18:15,2024-01-25 20:18:15,expired
653,842,1880,2024-07-12 17:11:17,2024-07-19 17:11:17,borrowed
654,94,10352,2024-03-24 18:29:20,2024-03-31 18:29:20,borrowed
655,279,5932,2024-07-03 21:14:47,2024-07-10 21:14:47,borrowed
656,400,2690,2024-01-08 14:25:22,2024-01-15 14:25:22,expired
657,189,5328,2024-04-02 13:11:13,2024-04-09 13:11:13,expired
658,707,8,2024-01-20 11:33:14,2024-01-27 11:33:14,borrowed
659,605,1938,2024-08-31 12:10:55,2024-09-07 12:10:55,expired
660,744,8043,2024-02-06 12:13:21,2024-02-13 12:13:21,borrowed
661,457,4582,2024-09-04 18:23:08,2024-09-11 18:23:08,expired
662,57,9713,2024-07-02 03:34:42,2024-07-09 03:34:42,expired
663,736,9743,2024-01-22 18:56:12,2024-01-29 18:56:12,borrowed
664,331,7229,2024-08-12 01:04:32,2024-08-19 01:04:32,borrowed
665,965,2241,2024-06-11 11:46:50,2024-06-18 11:46:50,borrowed
666,633,10906,2024-09-20 21:50:30,2024-09-27 21:50:30,borrowed
667,731,2690,2024-02-15 08:30:42,2024-02-22 08:30:42,expired
668,423,3546,2024-10-22 15:38:46,2024-10-29 15:38:46,borrowed
669,945,6898,2024-11-03 03:16:35,2024-11-10 03:16:35,expired
670,304,5889,2024-03-20 11:20:28,2024-03-27 11:20:28,borrowed
671,289,9151,2024-03-21 13:39:22,2024-03-28 13:39:22,borrowed
672,638,4763,2024-06-03 05:21:58,2024-06-10 05:21:58,borrowed
673,464,5499,2024-01-06 22:25:06,2024-01-13 22:25:06,borrowed
674,282,867,2024-04-30 17:19:33,2024-05-07 17:19:33,borrowed
675,846,7699,2024-08-16 05:49:45,2024-08-23 05:49:45,expired
676,187,6901,2024-05-19 22:08:14,2024-05-26 22:08:14,expired
677,530,1768,2024-06-10 01:35:01,2024-06-17 01:35:01,borrowed
678,138,769,2024-03-03 18:53:34,2024-03-10 18:53:34,expired
679,564,9417,2024-07-03 21:24:11,2024-07-10 21:24:11,expired
680,715,4083,2023-11-24 21:37:01,2023-12-01 21:37:01,expired
681,806,846,2024-03-21 22:44:40,2024-03-28 22:44:40,borrowed
682,58,5023,2024-01-17 09:49:06,2024-01-24 09:49:06,borrowed
683,705,1608,2024-09-09 23:00:09,2024-09-16 23:00:09,borrowed
684,334,5324,2024-03-18 15:20:20,2024-03-25 15:20:20,borrowed
685,903,8734,2024-05-28 22:08:23,2024-06-04 22:08:23,expired
686,41,9169,2024-10-20 15:11:56,2024-10-27 15:11:56,expired
687,180,7195,2024-02-22 08:17:38,2024-02-29 08:17:38,borrowed
688,259,9817,2024-08-31 19:49:57,2024-09-07 19:49:57,borrowed
689,326,6203,2023-12-07 19:20:03,2023-12-14 19:20:03,borrowed
690,117,2676,2024-05-12 04:06:21,2024-05-19 04:06:21,borrowed
691,576,10056,2024-04-09 09:22:59,2024-04-16 09:22:59,expired
692,707,1795,2024-01-23 23:42:06,2024-01-30 23:42:06,expired
693,443,1437,2024-10-29 14:05:57,2024-11-05 14:05:57,expired
694,997,9338,2024-08-19 19:46:45,2024-08-26 19:46:45,borrowed
695,196,1,2024-01-05 05:01:27,2024-01-12 05:01:27,borrowed
696,792,7040,2024-02-04 13:45:11,2024-02-11 13:45:11,expired
697,146,667,2024-04-22 07:09:21,2024-04-29 07:09:21,borrowed
698,854,1747,2023-12-02 07:56:34,2023-12-09 07:56:34,borrowed
699,355,7716,2024-06-25 07:10:07,2024-07-02 07:10:07,expired
700,767,4419,2024-01-26 23:54:12,2024-02-02 23:54:12,borrowed
701,566,5562,2024-11-09 01:11:17,2024-11-16 01:11:17,expired
702,868,9638,2024-02-14 18:24:47,2024-02-21 18:24:47,expired
703,794,9748,2024-08-19 23:58:40,2024-08-26 23:58:40,borrowed
704,743,1389,2023-12-07 03:49:11,2023-12-14 03:49:11,borrowed
705,922,5090,2024-08-16 05:11:22,2024-08-23 05:11:22,borrowed
706,916,1056,2024-03-10 19:13:24,2024-03-17 19:13:24,expired
707,934,10384,2024-07-20 01:29:59,2024-07-27 01:29:59,expired
708,460,9386,2024-04-07 15:33:42,2024-04-14 15:33:42,borrowed
709,83,2472,2024-05-27 21:05:51,2024-06-03 21:05:51,borrowed
710,97,535,2024-05-08 15:06:42,2024-05-15 15:06:42,expired
711,217,9319,2024-08-26 00:04:11,2024-09-02 00:04:11,expired
712,683,10869,2023-12-11 20:20:42,2023-12-18 20:20:42,borrowed
713,541,3830,2024-05-31 02:29:09,2024-06-07 02:29:09,borrowed
714,27,4653,2024-02-28 20:57:10,2024-03-06 20:57:10,expired
715,165,3582,2024-10-03 18:09:03,2024-10-10 18:09:03,expired
716,791,4745,2024-08-18 06:01:44,2024-08-25 06:01:44,expired
717,769,3301,2024-08-07 13:14:37,2024-08-14 13:14:37,borrowed
718,201,7486,2024-06-30 04:11:03,2024-07-07 04:11:03,expired
719,877,8640,2024-04-08 11:49:03,2024-04-15 11:49:03,borrowed
720,465,6763,2024-05-05 00:21:08,2024-05-12 00:21:08,expired
721,218,5647,2024-04-18 19:58:24,2024-04-25 19:58:24,expired
722,863,3434,2023-12-23 10:02:42,2023-12-30 10:02:42,borrowed
723,725,10555,2024-03-28 09:08:24,2024-04-04 09:08:24,borrowed
724,468,8859,2024-07-14 10:49:25,2024-07-21 10:49:25,borrowed
725,276,2224,2024-06-10 22:35:44,2024-06-17 22:35:44,borrowed
726,697,1359,2024-06-10 04:44:34,2024-06-17 04:44:34,expired
727,737,8682,2024-02-01 04:06:23,2024-02-08 04:06:23,expired
728,503,8401,2024-03-17 17:21:48,2024-03-24 17:21:48,expired
729,462,1550,2024-07-02 05:31:44,2024-07-09 05:31:44,borrowed
730,646,4918,2024-02-18 21:40:48,2024-02-25 21:40:48,borrowed
731,40,7946,2024-05-03 01:00:56,2024-05-10 01:00:56,expired
732,926,503,2024-07-04 04:23:59,2024-07-11 04:23:59,expired
733,267,7180,2024-04-29 13:16:38,2024-05-06 13:16:38,borrowed
734,746,9986,2024-08-22 16:01:20,2024-08-29 16:01:20,borrowed
735,110,9889,2024-05-12 23:31:35,2024-05-19 23:31:35,borrowed
736,977,1221,2024-05-21 15:57:59,2024-05-28 15:57:59,expired
737,483,5360,2024-04-01 23:36:42,2024-04-08 23:36:42,borrowed
738,354,805,2024-06-07 21:12:34,2024-06-14 21:12:34,borrowed
739,943,2370,2024-08-18 08:20:07,2024-08-25 08:20:07,expired
740,938,8060,2024-02-07 05:49:56,2024-02-14 05:49:56,borrowed
741,276,4640,2024-01-15 07:41:20,2024-01-22 07:41:20,borrowed
742,248,5680,2024-05-08 04:47:43,2024-05-15 04:47:43,borrowed
743,883,4632,2024-10-06 07:45:30,2024-10-13 07:45:30,expired
744,481,66,2024-07-04 07:14:21,2024-07-11 07:14:21,borrowed
745,934,10710,2024-02-22 13:38:18,2024-02-29 13:38:18,borrowed
746,491,9331,2023-11-26 22:25:35,2023-12-03 22:25:35,expired
747,392,3805,2024-02-21 07:52:00,2024-02-28 07:52:00,borrowed
748,668,6488,2024-07-20 23:22:18,2024-07-27 23:22:18,borrowed
749,331,1371,2024-02-27 20:14:17,2024-03-05 20:14:17,borrowed
750,735,4151,2024-02-13 04:04:23,2024-02-20 04:04:23,borrowed
751,586,3662,2023-11-22 16:53:19,2023-11-29 16:53:19,expired
752,324,8431,2024-02-25 01:15:59,2024-03-03 01:15:59,borrowed
753,392,9478,2024-10-29 16:47:08,2024-11-05 16:47:08,expired
754,296,9615,2024-01-23 23:54:27,2024-01-30 23:54:27,borrowed
755,105,1351,2024-01-12 11:40:20,2024-01-19 11:40:20,expired
756,106,2329,2024-02-23 05:33:50,2024-03-01 05:33:50,borrowed
757,996,5510,2024-04-21 17:54:10,2024-04-28 17:54:10,borrowed
758,638,8959,2023-11-25 00:53:54,2023-12-02 00:53:54,expired
759,934,9932,2023-12-09 19:52:49,2023-12-16 19:52:49,expired
760,63,6894,2024-02-04 18:30:03,2024-02-11 18:30:03,expired
761,645,9431,2024-02-13 14:13:47,2024-02-20 14:13:47,expired
762,743,5116,2024-05-09 07:47:36,2024-05-16 07:47:36,expired
763,387,3443,2024-03-02 05:55:53,2024-03-09 05:55:53,expired
764,722,7508,2024-10-15 02:23:29,2024-10-22 02:23:29,borrowed
765,772,9401,2024-10-08 02:34:59,2024-10-15 02:34:59,expired
766,140,2930,2024-11-05 00:45:46,2024-11-12 00:45:46,expired
767,536,4974,2024-01-31 14:46:54,2024-02-07 14:46:54,borrowed
768,103,543,2024-04-21 06:43:53,2024-04-28 06:43:53,expired
769,412,8842,2024-06-28 15:11:28,2024-07-05 15:11:28,borrowed
770,343,6652,2024-04-08 02:14:38,2024-04-15 02:14:38,expired
771,200,1241,2024-04-16 10:27:09,2024-04-23 10:27:09,borrowed
772,912,3080,2024-01-17 04:57:35,2024-01-24 04:57:35,borrowed
773,697,8621,2024-05-31 06:07:12,2024-06-07 06:07:12,expired
774,454,9536,2024-10-27 07:24:58,2024-11-03 07:24:58,expired
775,38,3708,2023-12-24 19:23:09,2023-12-31 19:23:09,expired
776,282,858,2024-07-26 06:03:43,2024-08-02 06:03:43,expired
777,262,2817,2024-05-31 08:42:32,2024-06-07 08:42:32,borrowed
778,991,647,2024-11-06 22:16:12,2024-11-13 22:16:12,expired
779,620,9582,2024-04-24 06:08:14,2024-05-01 06:08:14,expired
780,866,2195,2024-03-20 15:04:29,2024-03-27 15:04:29,expired
781,819,8854,2024-07-19 12:09:24,2024-07-26 12:09:24,borrowed
782,916,6019,2024-09-21 13:17:44,2024-09-28 13:17:44,expired
783,73,9641,2024-04-14 19:11:09,2024-04-21 19:11:09,borrowed
784,371,6488,2024-03-03 14:29:12,2024-03-10 14:29:12,expired
785,386,610,2023-12-20 04:35:47,2023-12-27 04:35:47,borrowed
786,705,2239,2024-08-16 06:49:29,2024-08-23 06:49:29,borrowed
787,818,7666,2024-08-21 01:28:50,2024-08-28 01:28:50,borrowed
788,284,3588,2024-07-15 16:22:40,2024-07-22 16:22:40,expired
789,189,8821,2024-06-25 03:01:49,2024-07-02 03:01:49,expired
790,294,6462,2024-01-01 11:14:53,2024-01-08 11:14:53,borrowed
791,514,9703,2024-10-14 07:26:46,2024-10-21 07:26:46,expired
792,752,6749,2023-12-17 21:02:54,2023-12-24 21:02:54,borrowed
793,770,254,2024-04-25 05:45:13,2024-05-02 05:45:13,borrowed
794,673,2862,2024-05-08 13:07:35,2024-05-15 13:07:35,borrowed
795,232,6377,2024-05-28 20:18:49,2024-06-04 20:18:49,expired
796,335,7010,2024-03-01 04:05:23,2024-03-08 04:05:23,borrowed
797,640,9776,2024-05-15 17:29:10,2024-05-22 17:29:10,expired
798,261,3036,2024-01-21 16:46:15,2024-01-28 16:46:15,expired
799,598,9382,2024-10-31 09:19:13,2024-11-07 09:19:13,borrowed
800,645,3644,2024-02-12 13:43:21,2024-02-19 13:43:21,expired
801,266,10849,2024-01-27 05:02:24,2024-02-03 05:02:24,borrowed
802,643,10013,2023-11-20 00:10:54,2023-11-27 00:10:54,borrowed
803,767,8278,2024-04-02 07:20:02,2024-04-09 07:20:02,borrowed
804,28,5326,2024-09-12 07:18:10,2024-09-19 07:18:10,borrowed
805,449,8760,2024-07-09 06:56:36,2024-07-16 06:56:36,expired
806,392,861,2024-05-22 09:21:15,2024-05-29 09:21:15,borrowed
807,97,10049,2024-07-25 03:17:55,2024-08-01 03:17:55,expired
808,736,914,2024-11-02 16:44:33,2024-11-09 16:44:33,expired
809,343,10563,2024-08-31 00:53:47,2024-09-07 00:53:47,expired
810,432,8198,2024-07-18 10:31:31,2024-07-25 10:31:31,borrowed
811,851,1755,2024-11-10 02:24:49,2024-11-17 02:24:49,expired
812,521,9401,2024-06-20 07:52:29,2024-06-27 07:52:29,borrowed
813,11,10572,2024-02-27 07:43:53,2024-03-05 07:43:53,expired
814,983,1064,2024-04-18 01:07:00,2024-04-25 01:07:00,expired
815,912,10617,2023-12-11 03:30:04,2023-12-18 03:30:04,borrowed
816,788,5133,2024-01-10 03:26:18,2024-01-17 03:26:18,borrowed
817,813,7085,2024-10-04 01:54:48,2024-10-11 01:54:48,expired
818,233,2265,2024-07-22 10:59:53,2024-07-29 10:59:53,borrowed
819,530,6268,2024-03-19 15:09:25,2024-03-26 15:09:25,expired
820,426,2611,2024-02-19 10:29:50,2024-02-26 10:29:50,expired
821,92,1741,2024-02-14 17:26:20,2024-02-21 17:26:20,borrowed
822,374,4527,2024-02-19 18:30:27,2024-02-26 18:30:27,expired
823,18,9439,2024-04-06 16:59:11,2024-04-13 16:59:11,expired
824,434,10172,2024-09-05 13:31:57,2024-09-12 13:31:57,expired
825,500,2704,2024-07-12 15:03:07,2024-07-19 15:03:07,expired
826,410,9607,2024-08-01 21:49:07,2024-08-08 21:49:07,expired
827,150,6631,2024-05-11 11:55:01,2024-05-18 11:55:01,borrowed
828,84,9957,2024-10-15 11:22:14,2024-10-22 11:22:14,borrowed
829,213,5987,2024-03-25 16:51:58,2024-04-01 16:51:58,borrowed
830,326,1355,2024-05-14 04:48:37,2024-05-21 04:48:37,borrowed
831,42,11110,2024-03-30 16:42:20,2024-04-06 16:42:20,borrowed
832,431,7998,2024-02-19 08:56:54,2024-02-26 08:56:54,borrowed
833,548,7104,2024-07-02 13:28:38,2024-07-09 13:28:38,expired
834,495,4325,2024-09-26 18:16:21,2024-10-03 18:16:21,borrowed
835,108,3527,2024-05-10 07:46:21,2024-05-17 07:46:21,expired
836,815,9026,2024-06-09 12:54:07,2024-06-16 12:54:07,borrowed
837,359,3979,2024-03-22 19:02:07,2024-03-29 19:02:07,expired
838,657,7400,2023-12-03 12:09:42,2023-12-10 12:09:42,expired
839,696,5273,2024-07-28 04:39:25,2024-08-04 04:39:25,expired
840,307,2576,2023-12-23 19:53:39,2023-12-30 19:53:39,borrowed
841,406,4175,2023-12-02 03:18:39,2023-12-09 03:18:39,borrowed
842,839,4193,2023-11-23 03:34:52,2023-11-30 03:34:52,expired
843,633,1023,2024-10-10 05:22:53,2024-10-17 05:22:53,borrowed
844,908,1060,2024-06-29 09:10:14,2024-07-06 09:10:14,expired
845,42,3722,2024-03-10 07:55:03,2024-03-17 07:55:03,expired
846,649,7252,2024-04-20 20:49:41,2024-04-27 20:49:41,expired
847,816,4019,2024-04-27 12:54:54,2024-05-04 12:54:54,expired
848,898,5161,2024-09-12 08:00:27,2024-09-19 08:00:27,borrowed
849,530,575,2024-11-08 17:25:11,2024-11-15 17:25:11,expired
850,81,4951,2024-01-17 16:05:34,2024-01-24 16:05:34,borrowed
851,980,5184,2024-10-24 20:34:17,2024-10-31 20:34:17,expired
852,770,2707,2024-06-20 07:32:11,2024-06-27 07:32:11,borrowed
853,317,10803,2023-12-13 13:28:12,2023-12-20 13:28:12,borrowed
854,141,7900,2024-05-08 01:35:21,2024-05-15 01:35:21,borrowed
855,87,6301,2024-01-08 20:20:23,2024-01-15 20:20:23,borrowed
856,936,8038,2024-06-10 15:03:16,2024-06-17 15:03:16,expired
857,874,9917,2024-05-02 22:59:58,2024-05-09 22:59:58,expired
858,639,3191,2024-01-27 21:03:37,2024-02-03 21:03:37,expired
859,598,2460,2024-08-06 21:00:52,2024-08-13 21:00:52,expired
860,716,3414,2024-04-03 15:58:11,2024-04-10 15:58:11,expired
861,266,2284,2023-12-07 02:50:07,2023-12-14 02:50:07,expired
862,442,3068,2024-08-11 19:12:35,2024-08-18 19:12:35,expired
863,861,1340,2024-05-12 11:43:56,2024-05-19 11:43:56,borrowed
864,222,9832,2024-01-19 07:44:28,2024-01-26 07:44:28,expired
865,797,6146,2024-11-04 19:11:39,2024-11-11 19:11:39,expired
866,19,2212,2024-05-19 01:47:30,2024-05-26 01:47:30,borrowed
867,117,4776,2024-03-18 20:35:22,2024-03-25 20:35:22,borrowed
868,311,10757,2023-11-26 00:02:31,2023-12-03 00:02:31,borrowed
869,279,7795,2023-12-23 02:54:20,2023-12-30 02:54:20,borrowed
870,85,8872,2024-04-11 01:31:39,2024-04-18 01:31:39,borrowed
871,349,3128,2024-08-11 02:17:05,2024-08-18 02:17:05,borrowed
872,774,5910,2024-09-13 16:47:43,2024-09-20 16:47:43,expired
873,224,8123,2024-10-04 12:55:25,2024-10-11 12:55:25,expired
874,324,6611,2024-06-02 10:12:47,2024-06-09 10:12:47,borrowed
875,193,6611,2024-04-08 00:01:56,2024-04-15 00:01:56,expired
876,744,6042,2024-09-20 20:22:24,2024-09-27 20:22:24,expired
877,509,7342,2024-09-24 23:42:24,2024-10-01 23:42:24,expired
878,864,10580,2023-12-08 09:12:37,2023-12-15 09:12:37,borrowed
879,338,2588,2024-11-05 02:54:55,2024-11-12 02:54:55,borrowed
880,326,5454,2024-04-20 23:58:21,2024-04-27 23:58:21,borrowed
881,568,2572,2024-03-25 04:51:41,2024-04-01 04:51:41,expired
882,846,10263,2023-12-28 09:31:13,2024-01-04 09:31:13,borrowed
883,898,1693,2024-11-07 16:17:59,2024-11-14 16:17:59,expired
884,213,9262,2024-02-09 00:08:12,2024-02-16 00:08:12,borrowed
885,67,5536,2023-12-25 10:21:50,2024-01-01 10:21:50,borrowed
886,993,463,2024-06-24 12:01:03,2024-07-01 12:01:03,expired
887,924,689,2024-06-14 13:49:55,2024-06-21 13:49:55,expired
888,743,7240,2024-02-14 17:20:49,2024-02-21 17:20:49,expired
889,309,985,2024-06-25 10:41:37,2024-07-02 10:41:37,borrowed
890,479,2834,2024-05-10 07:23:11,2024-05-17 07:23:11,borrowed
891,694,9167,2024-02-05 17:29:46,2024-02-12 17:29:46,borrowed
892,972,8846,2024-02-24 22:31:18,2024-03-02 22:31:18,borrowed
893,71,10288,2024-09-19 11:12:52,2024-09-26 11:12:52,expired
894,858,9500,2024-03-01 14:41:14,2024-03-08 14:41:14,expired
895,522,3321,2024-03-08 04:54:39,2024-03-15 04:54:39,expired
896,431,2592,2024-08-01 06:24:19,2024-08-08 06:24:19,expired
897,629,1796,2024-07-24 21:44:42,2024-07-31 21:44:42,expired
898,238,6881,2024-02-07 11:31:36,2024-02-14 11:31:36,expired
899,118,261,2023-11-22 17:39:06,2023-11-29 17:39:06,expired
900,660,9899,2023-11-27 03:31:25,2023-12-04 03:31:25,borrowed
901,41,4575,2024-01-12 21:31:26,2024-01-19 21:31:26,borrowed
902,275,1203,2024-06-12 05:39:32,2024-06-19 05:39:32,borrowed
903,432,3900,2024-04-22 07:48:52,2024-04-29 07:48:52,expired
904,233,8648,2024-08-17 22:09:28,2024-08-24 22:09:28,expired
905,796,4654,2024-10-29 19:06:52,2024-11-05 19:06:52,borrowed
906,154,5278,2024-08-02 12:36:43,2024-08-09 12:36:43,expired
907,286,2341,2024-08-01 23:11:03,2024-08-08 23:11:03,borrowed
908,349,3284,2023-12-03 22:40:29,2023-12-10 22:40:29,borrowed
909,141,4901,2024-06-25 00:54:43,2024-07-02 00:54:43,borrowed
910,412,7363,2024-04-07 17:43:40,2024-04-14 17:43:40,borrowed
911,32,10497,2024-09-17 21:21:23,2024-09-24 21:21:23,borrowed
912,123,7438,2024-03-19 15:02:59,2024-03-26 15:02:59,expired
913,42,1696,2024-05-22 07:00:32,2024-05-29 07:00:32,expired
914,296,436,2024-09-29 03:00:23,2024-10-06 03:00:23,expired
915,25,9708,2024-11-06 23:35:49,2024-11-13 23:35:49,borrowed
916,337,6509,2024-08-14 06:40:49,2024-08-21 06:40:49,expired
917,70,1880,2024-01-12 14:25:31,2024-01-19 14:25:31,borrowed
918,81,1564,2024-05-06 03:18:28,2024-05-13 03:18:28,expired
919,730,7916,2024-03-14 07:07:27,2024-03-21 07:07:27,expired
920,916,11037,2024-07-28 15:45:09,2024-08-04 15:45:09,borrowed
921,942,284,2024-07-06 01:43:03,2024-07-13 01:43:03,borrowed
922,313,9977,2024-04-27 12:00:59,2024-05-04 12:00:59,expired
923,908,292,2024-01-30 11:26:17,2024-02-06 11:26:17,borrowed
924,543,2716,2024-06-01 13:03:26,2024-06-08 13:03:26,borrowed
925,725,4080,2024-02-02 18:05:45,2024-02-09 18:05:45,borrowed
926,30,1667,2023-11-28 17:34:22,2023-12-05 17:34:22,expired
927,972,3981,2023-11-16 14:07:30,2023-11-23 14:07:30,expired
928,608,5261,2024-11-06 16:21:11,2024-11-13 16:21:11,expired
929,220,11040,2024-05-07 02:27:15,2024-05-14 02:27:15,borrowed
930,963,8825,2024-05-29 15:44:36,2024-06-05 15:44:36,borrowed
931,533,960,2024-05-19 14:59:22,2024-05-26 14:59:22,borrowed
932,9,8904,2024-01-22 21:19:43,2024-01-29 21:19:43,borrowed
933,427,503,2024-01-06 18:17:37,2024-01-13 18:17:37,borrowed
934,648,3229,2024-02-01 18:05:38,2024-02-08 18:05:38,expired
935,655,908,2024-10-05 23:10:46,2024-10-12 23:10:46,borrowed
936,342,4014,2024-04-27 07:33:01,2024-05-04 07:33:01,expired
937,545,7740,2024-04-01 02:33:54,2024-04-08 02:33:54,borrowed
938,799,9854,2024-05-29 16:13:13,2024-06-05 16:13:13,expired
939,43,614,2024-07-01 00:18:59,2024-07-08 00:18:59,borrowed
940,69,10291,2024-02-20 13:22:53,2024-02-27 13:22:53,borrowed
941,346,3654,2024-05-28 23:17:40,2024-06-04 23:17:40,borrowed
942,587,3250,2024-03-31 19:28:08,2024-04-07 19:28:08,borrowed
943,922,3877,2023-12-19 10:42:47,2023-12-26 10:42:47,borrowed
944,894,3596,2023-11-19 23:54:33,2023-11-26 23:54:33,expired
945,575,9443,2024-10-24 07:35:18,2024-10-31 07:35:18,borrowed
946,702,8437,2024-02-02 00:41:14,2024-02-09 00:41:14,borrowed
947,946,8374,2023-11-30 16:17:44,2023-12-07 16:17:44,expired
948,152,5548,2024-05-18 11:30:59,2024-05-25 11:30:59,borrowed
949,802,10928,2024-05-31 08:58:27,2024-06-07 08:58:27,expired
950,48,5896,2024-11-01 19:49:16,2024-11-08 19:49:16,borrowed
951,631,6164,2023-12-29 07:49:54,2024-01-05 07:49:54,borrowed
952,881,2100,2023-12-17 16:38:15,2023-12-24 16:38:15,borrowed
953,630,2413,2024-08-30 23:51:46,2024-09-06 23:51:46,expired
954,390,1580,2024-02-27 20:03:50,2024-03-05 20:03:50,borrowed
955,420,10504,2024-04-13 01:01:21,2024-04-20 01:01:21,borrowed
956,901,3478,2024-04-08 09:13:41,2024-04-15 09:13:41,borrowed
957,474,7467,2024-07-11 07:17:27,2024-07-18 07:17:27,expired
958,236,10467,2023-12-07 21:40:53,2023-12-14 21:40:53,expired
959,608,5523,2023-12-14 17:11:58,2023-12-21 17:11:58,expired
960,769,8522,2024-07-22 16:20:45,2024-07-29 16:20:45,borrowed
961,361,7102,2024-01-02 01:05:28,2024-01-09 01:05:28,expired
962,757,1752,2024-08-01 23:37:23,2024-08-08 23:37:23,borrowed
963,801,9773,2024-09-15 01:15:20,2024-09-22 01:15:20,borrowed
964,727,5764,2024-02-22 20:57:41,2024-02-29 20:57:41,expired
965,65,5457,2024-07-19 06:31:46,2024-07-26 06:31:46,expired
966,754,7455,2024-01-16 06:20:13,2024-01-23 06:20:13,expired
967,599,3429,2024-03-13 02:23:25,2024-03-20 02:23:25,borrowed
968,939,5319,2024-05-12 04:05:41,2024-05-19 04:05:41,borrowed
969,491,5264,2024-01-05 09:59:24,2024-01-12 09:59:24,borrowed
970,839,8561,2023-12-17 04:51:05,2023-12-24 04:51:05,expired
971,792,2146,2024-02-07 03:05:58,2024-02-14 03:05:58,borrowed
972,55,828,2024-07-08 07:45:08,2024-07-15 07:45:08,borrowed
973,147,6761,2024-08-19 15:20:52,2024-08-26 15:20:52,borrowed
974,647,5048,2023-12-21 10:00:26,2023-12-28 10:00:26,expired
975,90,5046,2023-11-27 10:04:16,2023-12-04 10:04:16,borrowed
976,232,5555,2024-10-31 03:18:39,2024-11-07 03:18:39,expired
977,234,5287,2023-11-23 20:55:38,2023-11-30 20:55:38,expired
978,460,8948,2024-02-22 03:57:45,2024-02-29 03:57:45,expired
979,216,6533,2024-07-14 23:33:05,2024-07-21 23:33:05,borrowed
980,766,649,2024-08-06 03:22:58,2024-08-13 03:22:58,borrowed
981,722,10542,2024-02-12 17:08:12,2024-02-19 17:08:12,borrowed
982,158,9751,2024-03-28 08:48:21,2024-04-04 08:48:21,borrowed
983,210,7775,2024-02-05 15:01:51,2024-02-12 15:01:51,borrowed
984,228,10109,2023-11-18 09:30:18,2023-11-25 09:30:18,expired
985,625,6268,2024-02-09 17:20:13,2024-02-16 17:20:13,borrowed
986,725,4829,2024-08-14 16:12:31,2024-08-21 16:12:31,expired
987,322,1073,2023-12-26 22:21:59,2024-01-02 22:21:59,borrowed
988,124,10527,2024-04-28 15:01:48,2024-05-05 15:01:48,expired
989,296,514,2024-09-28 18:17:21,2024-10-05 18:17:21,borrowed
990,943,6901,2024-07-02 19:22:38,2024-07-09 19:22:38,borrowed
991,869,8867,2024-03-27 19:40:16,2024-04-03 19:40:16,borrowed
992,811,904,2024-07-08 01:55:28,2024-07-15 01:55:28,expired
993,571,2980,2024-05-06 11:20:03,2024-05-13 11:20:03,borrowed
994,896,3907,2023-11-16 17:16:11,2023-11-23 17:16:11,borrowed
995,327,4010,2024-06-14 12:39:30,2024-06-21 12:39:30,expired
996,741,6455,2024-01-19 08:23:28,2024-01-26 08:23:28,expired
997,64,6926,2024-07-13 22:07:55,2024-07-20 22:07:55,expired
998,647,4722,2024-07-04 03:51:42,2024-07-11 03:51:42,borrowed
999,427,7862,2024-11-06 19:51:49,2024-11-13 19:51:49,borrowed
1000,958,4479,2024-07-28 18:10:52,2024-08-04 18:10:52,borrowed
