loan_id,user_id,library_book_id,loan_date,due_date,return_date
1,906,5928,2023-10-04 04:33:56,2023-10-30 04:33:56,2023-10-07 04:33:56
2,737,7716,2022-06-26 17:38:32,2022-07-18 17:38:32,
3,808,1048,2022-10-15 09:28:04,2022-11-14 09:28:04,2022-10-18 09:28:04
4,869,4598,2023-01-24 05:05:54,2023-02-16 05:05:54,2023-01-27 05:05:54
5,743,2750,2020-05-30 11:48:02,2020-06-16 11:48:02,
6,742,7053,2022-01-23 23:34:15,2022-02-13 23:34:15,2022-01-26 23:34:15
7,912,6297,2020-08-23 18:59:00,2020-09-20 18:59:00,
8,818,1457,2023-11-25 15:44:42,2023-12-18 15:44:42,2023-12-02 15:44:42
9,4,11027,2021-11-09 23:30:56,2021-11-28 23:30:56,
10,868,9620,2021-01-06 03:03:58,2021-01-28 03:03:58,2021-01-22 03:03:58
11,333,4764,2022-01-01 11:48:30,2022-01-20 11:48:30,2022-01-07 11:48:30
12,721,8347,2022-01-23 19:41:34,2022-02-21 19:41:34,2022-01-29 19:41:34
13,569,1548,2022-02-02 20:58:04,2022-02-25 20:58:04,2022-02-15 20:58:04
14,191,10518,2023-06-26 14:46:12,2023-07-15 14:46:12,2023-06-26 14:46:12
15,309,4575,2022-05-08 17:14:16,2022-05-27 17:14:16,2022-05-27 17:14:16
16,810,5425,2021-06-04 14:56:50,2021-06-26 14:56:50,2021-06-13 14:56:50
17,929,2720,2022-03-08 19:20:37,2022-04-01 19:20:37,
18,300,7828,2023-09-21 19:12:06,2023-10-13 19:12:06,2023-09-26 19:12:06
19,198,4931,2021-11-08 02:04:40,2021-11-28 02:04:40,
20,427,3414,2021-03-08 12:12:24,2021-03-28 12:12:24,
21,974,3538,2021-06-05 22:51:58,2021-06-25 22:51:58,2021-06-16 22:51:58
22,505,6705,2020-09-11 04:22:13,2020-10-03 04:22:13,
23,560,7117,2020-12-03 12:10:58,2021-01-02 12:10:58,2020-12-23 12:10:58
24,779,1581,2020-09-04 02:43:34,2020-09-28 02:43:34,
25,914,1093,2023-11-30 10:23:18,2023-12-22 10:23:18,2023-12-21 10:23:18
26,514,4551,2021-10-30 21:58:15,2021-11-18 21:58:15,2021-10-31 21:58:15
27,291,3725,2022-01-10 13:44:47,2022-02-04 13:44:47,
28,878,8246,2023-05-22 22:24:21,2023-06-06 22:24:21,
29,406,1955,2022-03-09 23:18:23,2022-03-29 23:18:23,
30,147,9646,2021-03-20 15:02:13,2021-04-03 15:02:13,
31,353,5232,2023-08-21 18:41:43,2023-09-04 18:41:43,
32,643,11038,2020-10-22 05:52:15,2020-11-18 05:52:15,
33,45,1673,2023-10-20 09:45:16,2023-11-10 09:45:16,
34,938,10942,2023-02-06 03:24:39,2023-02-21 03:24:39,
35,619,10289,2020-11-24 15:06:38,2020-12-19 15:06:38,
36,261,10000,2020-06-07 02:09:15,2020-06-30 02:09:15,
37,999,10250,2020-10-04 12:56:14,2020-10-28 12:56:14,2020-10-08 12:56:14
38,241,809,2022-11-07 04:01:20,2022-12-03 04:01:20,
39,873,8042,2020-03-30 15:32:14,2020-04-24 15:32:14,2020-04-29 15:32:14
40,183,1599,2022-12-17 17:32:42,2023-01-14 17:32:42,2022-12-23 17:32:42
41,700,9717,2020-03-23 04:54:53,2020-04-08 04:54:53,2020-04-13 04:54:53
42,742,4324,2023-06-04 08:25:13,2023-06-27 08:25:13,2023-06-18 08:25:13
43,897,5175,2020-02-08 12:24:30,2020-03-02 12:24:30,
44,497,2333,2021-04-02 07:13:17,2021-04-30 07:13:17,
45,297,5739,2022-10-01 03:27:49,2022-10-22 03:27:49,2022-10-30 03:27:49
46,349,8506,2022-07-21 02:01:21,2022-08-13 02:01:21,
47,810,6255,2022-09-08 06:28:00,2022-09-26 06:28:00,
48,110,5477,2020-11-13 04:18:24,2020-12-12 04:18:24,2020-11-16 04:18:24
49,571,3449,2020-06-28 20:01:35,2020-07-21 20:01:35,2020-06-30 20:01:35
50,966,2412,2023-02-26 17:27:16,2023-03-17 17:27:16,
51,391,5114,2020-12-24 15:18:35,2021-01-20 15:18:35,
52,653,3492,2022-08-24 02:06:07,2022-09-22 02:06:07,
53,362,3751,2020-01-02 21:50:26,2020-01-30 21:50:26,
54,708,657,2021-04-27 13:13:57,2021-05-14 13:13:57,2021-05-26 13:13:57
55,550,7439,2022-10-13 16:22:24,2022-10-27 16:22:24,
56,547,3632,2022-07-10 09:44:56,2022-07-29 09:44:56,2022-08-08 09:44:56
57,593,6470,2022-08-24 11:13:28,2022-09-22 11:13:28,
58,178,684,2021-01-12 00:14:58,2021-02-07 00:14:58,2021-02-03 00:14:58
59,440,44,2020-05-07 14:06:27,2020-05-31 14:06:27,
60,961,1980,2021-07-23 06:38:36,2021-08-20 06:38:36,
61,945,8538,2023-03-20 02:03:01,2023-04-08 02:03:01,2023-04-11 02:03:01
62,297,8185,2020-10-06 01:31:14,2020-11-02 01:31:14,2020-10-25 01:31:14
63,480,9169,2023-03-01 10:56:48,2023-03-19 10:56:48,
64,375,308,2022-10-05 10:05:04,2022-10-25 10:05:04,2022-10-05 10:05:04
65,243,2564,2022-11-11 13:17:45,2022-11-28 13:17:45,2022-12-09 13:17:45
66,975,6235,2020-10-07 06:26:16,2020-10-26 06:26:16,
67,241,1494,2021-11-22 21:11:46,2021-12-09 21:11:46,
68,434,7697,2023-09-20 09:03:57,2023-10-20 09:03:57,
69,946,2268,2021-04-23 08:48:07,2021-05-14 08:48:07,2021-05-12 08:48:07
70,645,2482,2022-09-06 22:33:53,2022-09-30 22:33:53,2022-09-22 22:33:53
71,864,769,2023-11-26 10:50:04,2023-12-26 10:50:04,
72,893,10992,2023-04-21 22:22:07,2023-05-16 22:22:07,
73,636,2192,2023-05-08 10:50:56,2023-06-05 10:50:56,2023-05-18 10:50:56
74,86,7254,2022-02-22 22:54:45,2022-03-11 22:54:45,2022-03-24 22:54:45
75,21,1894,2020-04-07 14:04:22,2020-05-06 14:04:22,
76,246,10794,2021-11-15 17:04:36,2021-12-15 17:04:36,
77,987,26,2021-11-14 06:03:07,2021-12-12 06:03:07,2021-12-07 06:03:07
78,141,7389,2020-07-28 20:54:05,2020-08-17 20:54:05,2020-08-14 20:54:05
79,174,4695,2022-04-27 08:56:36,2022-05-16 08:56:36,
80,196,2128,2023-01-26 16:12:35,2023-02-22 16:12:35,2023-02-19 16:12:35
81,856,3386,2020-12-19 06:05:15,2021-01-17 06:05:15,2021-01-06 06:05:15
82,630,6156,2021-04-05 21:04:00,2021-04-20 21:04:00,
83,203,8626,2020-01-01 08:19:40,2020-01-22 08:19:40,2020-01-30 08:19:40
84,459,1268,2021-02-25 18:45:06,2021-03-24 18:45:06,2021-03-17 18:45:06
85,173,1576,2021-10-29 05:48:55,2021-11-26 05:48:55,
86,344,6319,2021-09-06 06:09:24,2021-10-05 06:09:24,
87,755,11032,2023-09-20 07:26:20,2023-10-05 07:26:20,
88,984,6057,2020-01-21 22:35:13,2020-02-07 22:35:13,2020-01-22 22:35:13
89,218,7947,2022-07-22 08:49:33,2022-08-18 08:49:33,2022-07-27 08:49:33
90,125,3137,2023-03-06 03:50:38,2023-04-02 03:50:38,
91,847,7052,2023-02-17 04:11:25,2023-03-05 04:11:25,2023-03-08 04:11:25
92,19,9243,2021-04-28 13:32:43,2021-05-25 13:32:43,
93,930,8911,2023-05-23 17:57:22,2023-06-18 17:57:22,
94,364,4338,2023-12-08 20:30:30,2023-12-26 20:30:30,
95,888,5443,2021-10-31 19:15:19,2021-11-21 19:15:19,2021-11-25 19:15:19
96,907,10469,2023-07-05 17:30:24,2023-07-19 17:30:24,2023-07-11 17:30:24
97,859,6900,2021-08-19 21:58:02,2021-09-18 21:58:02,2021-09-08 21:58:02
98,207,3736,2023-11-27 09:09:09,2023-12-14 09:09:09,2023-12-16 09:09:09
99,189,8342,2023-10-17 04:53:30,2023-11-02 04:53:30,
100,192,8385,2023-11-20 07:55:07,2023-12-17 07:55:07,
101,827,9201,2020-07-08 17:42:42,2020-07-29 17:42:42,2020-07-19 17:42:42
102,29,6471,2021-03-16 18:30:26,2021-04-12 18:30:26,2021-04-08 18:30:26
103,317,6096,2022-07-24 00:02:22,2022-08-10 00:02:22,2022-07-27 00:02:22
104,778,4649,2021-10-25 23:14:06,2021-11-18 23:14:06,
105,263,8750,2020-05-03 04:58:14,2020-05-20 04:58:14,2020-05-26 04:58:14
106,247,10613,2023-08-06 10:30:06,2023-08-31 10:30:06,2023-08-19 10:30:06
107,339,4884,2023-04-08 05:30:48,2023-05-03 05:30:48,2023-04-14 05:30:48
108,564,7659,2021-08-16 20:30:39,2021-09-05 20:30:39,
109,20,616,2022-01-22 21:08:18,2022-02-19 21:08:18,2022-01-28 21:08:18
110,52,4196,2023-09-21 03:42:43,2023-10-11 03:42:43,2023-10-07 03:42:43
111,256,6020,2020-06-14 14:13:55,2020-07-09 14:13:55,2020-06-18 14:13:55
112,310,2587,2020-05-06 04:34:36,2020-05-30 04:34:36,2020-05-17 04:34:36
113,455,7409,2022-05-25 09:29:35,2022-06-08 09:29:35,2022-05-26 09:29:35
114,640,5214,2023-11-12 20:37:50,2023-12-12 20:37:50,2023-11-26 20:37:50
115,202,4336,2021-12-28 00:27:52,2022-01-26 00:27:52,2022-01-06 00:27:52
116,607,6537,2023-10-30 21:43:51,2023-11-17 21:43:51,
117,880,9516,2022-03-24 03:13:54,2022-04-21 03:13:54,2022-03-28 03:13:54
118,871,7041,2020-05-31 19:35:03,2020-06-30 19:35:03,
119,192,4157,2022-12-30 13:12:11,2023-01-28 13:12:11,2023-01-19 13:12:11
120,268,2751,2023-05-31 05:05:58,2023-06-19 05:05:58,2023-06-16 05:05:58
121,686,1513,2020-09-12 15:28:21,2020-10-06 15:28:21,2020-09-29 15:28:21
122,48,6955,2021-04-26 17:54:46,2021-05-17 17:54:46,2021-05-08 17:54:46
123,668,7235,2020-06-07 21:27:18,2020-06-27 21:27:18,
124,400,2313,2020-04-30 22:59:50,2020-05-28 22:59:50,
125,398,1977,2022-01-03 02:45:50,2022-01-30 02:45:50,
126,463,3420,2021-07-26 07:08:36,2021-08-19 07:08:36,
127,617,640,2021-05-08 12:44:26,2021-05-25 12:44:26,2021-05-23 12:44:26
128,787,1460,2021-02-18 20:27:13,2021-03-12 20:27:13,2021-03-04 20:27:13
129,17,885,2021-01-03 05:09:59,2021-02-02 05:09:59,2021-01-26 05:09:59
130,213,2593,2020-08-23 06:25:34,2020-09-06 06:25:34,
131,434,8896,2021-06-23 04:05:00,2021-07-14 04:05:00,
132,122,96,2022-10-30 04:55:27,2022-11-22 04:55:27,2022-11-15 04:55:27
133,815,4052,2021-10-08 22:52:41,2021-10-31 22:52:41,2021-10-18 22:52:41
134,426,2721,2020-01-02 06:38:41,2020-01-20 06:38:41,2020-01-12 06:38:41
135,303,7088,2023-10-22 10:17:37,2023-11-06 10:17:37,2023-10-22 10:17:37
136,564,10553,2020-02-20 23:34:12,2020-03-21 23:34:12,2020-03-14 23:34:12
137,448,3048,2021-08-31 08:17:43,2021-09-17 08:17:43,2021-09-02 08:17:43
138,333,9023,2022-10-13 22:00:19,2022-11-11 22:00:19,
139,222,8942,2021-08-04 14:54:43,2021-08-20 14:54:43,
140,796,5776,2021-09-04 04:10:50,2021-09-20 04:10:50,
141,724,866,2020-01-19 10:20:25,2020-02-03 10:20:25,2020-01-21 10:20:25
142,861,661,2021-01-14 05:47:10,2021-01-31 05:47:10,2021-02-03 05:47:10
143,252,7267,2023-10-19 12:19:33,2023-11-10 12:19:33,
144,841,9112,2023-03-16 15:21:27,2023-04-15 15:21:27,
145,828,5621,2022-08-29 01:59:22,2022-09-19 01:59:22,2022-09-21 01:59:22
146,44,10883,2023-12-25 17:05:32,2024-01-09 17:05:32,2024-01-21 17:05:32
147,613,7335,2021-02-03 04:00:06,2021-02-21 04:00:06,
148,989,9127,2021-09-18 19:34:40,2021-10-02 19:34:40,
149,154,33,2022-06-26 03:57:23,2022-07-26 03:57:23,
150,222,10433,2023-01-15 11:39:15,2023-01-31 11:39:15,
151,319,5162,2021-06-24 02:39:49,2021-07-14 02:39:49,
152,103,3535,2020-08-02 16:49:46,2020-08-26 16:49:46,
153,149,1304,2020-03-11 07:34:58,2020-04-02 07:34:58,
154,525,15,2020-09-16 03:38:54,2020-10-09 03:38:54,
155,358,6495,2020-02-11 13:16:09,2020-02-25 13:16:09,2020-03-02 13:16:09
156,956,9043,2023-06-28 03:01:59,2023-07-14 03:01:59,2023-07-03 03:01:59
157,145,7135,2023-10-24 18:38:25,2023-11-07 18:38:25,
158,6,7903,2022-07-19 07:03:32,2022-08-11 07:03:32,
159,685,4530,2020-03-21 05:02:46,2020-04-07 05:02:46,
160,640,4946,2021-07-15 01:47:09,2021-08-06 01:47:09,2021-08-01 01:47:09
161,81,8877,2022-05-11 08:05:01,2022-06-08 08:05:01,
162,531,5178,2022-03-22 23:53:30,2022-04-05 23:53:30,2022-04-14 23:53:30
163,5,8392,2020-04-06 01:55:39,2020-04-20 01:55:39,2020-05-04 01:55:39
164,867,6321,2020-12-03 02:05:39,2020-12-27 02:05:39,2020-12-19 02:05:39
165,616,7212,2022-11-25 00:24:53,2022-12-19 00:24:53,2022-12-11 00:24:53
166,487,3537,2020-04-16 12:06:20,2020-05-05 12:06:20,2020-04-22 12:06:20
167,732,8781,2022-06-21 00:16:47,2022-07-17 00:16:47,
168,336,3968,2022-09-26 07:00:49,2022-10-25 07:00:49,2022-10-19 07:00:49
169,602,5314,2022-08-30 06:29:20,2022-09-19 06:29:20,
170,751,1977,2022-02-19 01:52:21,2022-03-08 01:52:21,2022-03-09 01:52:21
171,493,5483,2021-04-19 08:42:07,2021-05-07 08:42:07,2021-05-16 08:42:07
172,539,5655,2021-11-14 17:24:36,2021-12-14 17:24:36,2021-12-06 17:24:36
173,41,3736,2022-12-26 18:34:07,2023-01-23 18:34:07,2023-01-01 18:34:07
174,503,7667,2022-04-06 19:04:49,2022-05-01 19:04:49,
175,854,2303,2021-02-17 02:26:30,2021-03-04 02:26:30,2021-02-25 02:26:30
176,678,7858,2022-07-17 23:40:01,2022-08-16 23:40:01,2022-08-13 23:40:01
177,376,10018,2023-01-07 04:28:33,2023-01-28 04:28:33,
178,215,7330,2020-03-17 08:11:21,2020-04-01 08:11:21,2020-03-31 08:11:21
179,860,8245,2020-12-10 20:45:45,2021-01-02 20:45:45,
180,445,9502,2021-12-02 15:45:17,2021-12-24 15:45:17,
181,61,10579,2022-06-08 03:01:03,2022-07-07 03:01:03,
182,808,2981,2020-02-09 22:57:16,2020-02-27 22:57:16,2020-02-11 22:57:16
183,992,5341,2021-06-07 19:20:09,2021-06-28 19:20:09,
184,625,943,2023-09-05 13:11:12,2023-10-02 13:11:12,2023-10-01 13:11:12
185,651,2169,2021-09-24 18:04:09,2021-10-21 18:04:09,
186,763,8899,2021-05-19 22:05:20,2021-06-05 22:05:20,2021-06-12 22:05:20
187,852,10363,2021-01-17 01:15:58,2021-02-13 01:15:58,
188,264,3148,2023-05-18 08:39:58,2023-06-07 08:39:58,2023-05-31 08:39:58
189,31,9842,2022-10-14 18:44:03,2022-11-08 18:44:03,
190,271,5901,2021-06-07 23:14:10,2021-06-21 23:14:10,
191,90,3207,2022-07-21 00:21:41,2022-08-19 00:21:41,2022-07-24 00:21:41
192,714,5882,2020-02-02 06:07:16,2020-02-22 06:07:16,
193,329,10867,2021-07-05 00:19:52,2021-07-30 00:19:52,2021-07-28 00:19:52
194,677,7721,2022-09-01 15:58:26,2022-09-16 15:58:26,2022-09-22 15:58:26
195,373,6763,2020-09-28 19:59:53,2020-10-22 19:59:53,
196,430,1880,2023-12-26 16:12:38,2024-01-12 16:12:38,2023-12-30 16:12:38
197,607,6593,2021-02-28 01:37:50,2021-03-29 01:37:50,2021-03-16 01:37:50
198,533,7470,2022-04-16 06:23:36,2022-05-14 06:23:36,2022-05-12 06:23:36
199,511,1640,2022-10-27 14:01:21,2022-11-23 14:01:21,
200,929,8793,2023-07-12 00:48:39,2023-08-04 00:48:39,
201,33,6825,2021-10-25 08:51:32,2021-11-17 08:51:32,2021-10-31 08:51:32
202,412,3162,2023-12-17 00:51:34,2024-01-07 00:51:34,
203,857,2151,2021-03-13 21:27:59,2021-04-06 21:27:59,2021-03-20 21:27:59
204,317,4721,2023-03-10 17:40:17,2023-03-26 17:40:17,2023-04-03 17:40:17
205,257,10342,2023-10-03 00:48:40,2023-10-17 00:48:40,2023-10-08 00:48:40
206,633,4784,2020-05-01 01:06:34,2020-05-22 01:06:34,
207,957,4066,2021-05-07 17:38:50,2021-06-01 17:38:50,2021-06-03 17:38:50
208,323,2597,2020-10-22 12:59:49,2020-11-20 12:59:49,
209,851,1780,2020-02-13 08:25:04,2020-03-14 08:25:04,
210,237,10678,2022-03-31 21:46:35,2022-04-20 21:46:35,
211,158,8646,2023-02-22 04:26:01,2023-03-17 04:26:01,
212,191,5869,2020-06-04 09:34:12,2020-06-29 09:34:12,2020-06-04 09:34:12
213,880,1516,2023-08-21 02:37:06,2023-09-07 02:37:06,2023-08-29 02:37:06
214,698,1340,2022-11-17 20:17:47,2022-12-04 20:17:47,2022-11-24 20:17:47
215,93,4685,2020-02-20 03:24:35,2020-03-10 03:24:35,2020-03-04 03:24:35
216,909,7888,2021-10-03 08:16:44,2021-10-20 08:16:44,
217,138,7987,2021-09-26 17:33:43,2021-10-24 17:33:43,2021-10-09 17:33:43
218,748,2976,2021-09-07 18:32:29,2021-10-05 18:32:29,2021-09-26 18:32:29
219,871,4194,2023-10-16 07:53:09,2023-11-10 07:53:09,
220,208,7036,2020-06-07 15:37:20,2020-06-29 15:37:20,2020-06-30 15:37:20
221,425,6295,2022-10-08 00:32:29,2022-10-29 00:32:29,
222,391,1309,2021-09-25 09:06:20,2021-10-11 09:06:20,2021-10-20 09:06:20
223,941,6726,2022-05-03 04:51:06,2022-05-17 04:51:06,
224,981,11043,2020-08-05 10:06:56,2020-09-04 10:06:56,
225,437,6146,2021-09-01 02:59:36,2021-09-21 02:59:36,2021-09-16 02:59:36
226,946,6231,2021-01-21 05:28:44,2021-02-12 05:28:44,2021-02-12 05:28:44
227,608,2743,2023-03-11 06:16:30,2023-03-25 06:16:30,2023-03-21 06:16:30
228,438,3999,2021-01-01 01:25:06,2021-01-16 01:25:06,2021-01-15 01:25:06
229,634,10368,2021-07-12 19:42:38,2021-07-30 19:42:38,2021-07-28 19:42:38
230,991,878,2023-08-21 01:36:26,2023-09-17 01:36:26,
231,82,56,2023-12-13 16:53:15,2024-01-09 16:53:15,2023-12-24 16:53:15
232,979,1446,2022-10-22 06:17:03,2022-11-08 06:17:03,2022-11-14 06:17:03
233,457,152,2022-10-29 18:12:16,2022-11-21 18:12:16,2022-11-11 18:12:16
234,507,4863,2023-11-18 13:06:33,2023-12-15 13:06:33,
235,547,237,2021-10-26 07:28:01,2021-11-19 07:28:01,2021-11-15 07:28:01
236,266,7945,2021-10-01 22:28:07,2021-10-16 22:28:07,2021-10-05 22:28:07
237,519,6503,2020-10-07 06:10:56,2020-11-01 06:10:56,2020-10-20 06:10:56
238,974,7194,2023-09-27 08:54:07,2023-10-27 08:54:07,2023-10-13 08:54:07
239,52,6471,2023-02-01 04:37:23,2023-02-16 04:37:23,
240,726,3822,2020-06-07 03:06:37,2020-07-05 03:06:37,
241,576,6764,2021-11-10 19:44:40,2021-11-24 19:44:40,
242,328,10683,2022-04-12 05:01:24,2022-05-05 05:01:24,2022-04-28 05:01:24
243,537,9768,2020-11-05 10:35:55,2020-11-24 10:35:55,
244,462,4906,2022-06-21 02:12:54,2022-07-10 02:12:54,2022-06-23 02:12:54
245,397,7609,2022-12-14 21:17:05,2023-01-13 21:17:05,
246,405,10292,2023-04-21 02:20:38,2023-05-05 02:20:38,
247,129,3015,2021-07-29 08:30:40,2021-08-22 08:30:40,2021-08-23 08:30:40
248,611,6732,2023-05-28 02:09:13,2023-06-27 02:09:13,
249,236,9734,2020-01-16 18:47:31,2020-02-07 18:47:31,
250,805,3478,2022-11-06 07:00:06,2022-11-29 07:00:06,2022-11-30 07:00:06
251,68,2890,2023-03-26 03:39:34,2023-04-09 03:39:34,2023-03-27 03:39:34
252,44,9583,2022-10-18 19:12:06,2022-11-16 19:12:06,
253,287,9797,2021-05-11 22:19:39,2021-06-06 22:19:39,2021-05-28 22:19:39
254,491,2326,2023-06-14 18:08:16,2023-07-13 18:08:16,
255,365,2502,2023-11-06 00:12:02,2023-12-01 00:12:02,2023-12-01 00:12:02
256,660,8509,2020-04-25 16:27:25,2020-05-23 16:27:25,2020-04-26 16:27:25
257,879,3537,2023-01-17 09:50:22,2023-02-09 09:50:22,2023-01-19 09:50:22
258,812,455,2021-08-01 22:35:19,2021-08-16 22:35:19,
259,166,3768,2023-01-09 00:25:26,2023-01-27 00:25:26,2023-01-09 00:25:26
260,804,8591,2021-12-24 09:08:09,2022-01-09 09:08:09,2022-01-08 09:08:09
261,403,8597,2021-01-19 14:24:10,2021-02-14 14:24:10,
262,838,1970,2022-12-29 18:15:36,2023-01-17 18:15:36,2023-01-05 18:15:36
263,406,8341,2022-04-28 19:31:17,2022-05-18 19:31:17,
264,135,4953,2020-01-19 14:48:16,2020-02-09 14:48:16,2020-02-08 14:48:16
265,688,6463,2023-07-20 02:06:01,2023-08-17 02:06:01,2023-08-12 02:06:01
266,23,1078,2020-08-06 15:57:39,2020-08-22 15:57:39,2020-09-05 15:57:39
267,553,9701,2021-03-15 12:13:57,2021-04-10 12:13:57,
268,814,9958,2021-10-31 16:52:34,2021-11-15 16:52:34,2021-11-02 16:52:34
269,149,1450,2021-05-16 23:00:30,2021-06-13 23:00:30,2021-05-20 23:00:30
270,614,3098,2022-08-18 02:59:08,2022-09-15 02:59:08,
271,992,8132,2022-06-20 15:08:56,2022-07-19 15:08:56,2022-07-16 15:08:56
272,108,395,2020-03-31 01:18:14,2020-04-24 01:18:14,
273,393,10469,2023-09-25 04:06:54,2023-10-18 04:06:54,2023-10-04 04:06:54
274,173,10163,2022-12-09 06:51:48,2022-12-29 06:51:48,
275,407,8784,2021-09-07 04:16:10,2021-09-28 04:16:10,
276,429,5265,2021-04-08 06:36:31,2021-04-26 06:36:31,2021-05-03 06:36:31
277,588,5996,2023-05-06 05:11:58,2023-05-22 05:11:58,2023-06-04 05:11:58
278,488,8075,2020-12-12 04:23:43,2021-01-09 04:23:43,
279,874,7228,2023-10-04 19:16:02,2023-11-03 19:16:02,
280,417,9013,2021-12-22 05:04:29,2022-01-14 05:04:29,
281,805,737,2023-02-26 05:37:07,2023-03-25 05:37:07,2023-03-13 05:37:07
282,533,6172,2022-09-22 18:10:23,2022-10-17 18:10:23,
283,119,384,2021-06-27 12:09:26,2021-07-19 12:09:26,2021-07-14 12:09:26
284,365,1384,2022-03-06 11:59:41,2022-03-25 11:59:41,
285,431,2660,2022-06-15 00:05:04,2022-06-30 00:05:04,2022-06-24 00:05:04
286,415,4202,2020-06-17 14:45:02,2020-07-12 14:45:02,
287,969,8995,2022-04-08 21:44:23,2022-04-30 21:44:23,2022-04-24 21:44:23
288,930,5121,2023-07-21 09:15:24,2023-08-13 09:15:24,
289,251,6300,2021-06-03 18:29:01,2021-06-19 18:29:01,2021-06-10 18:29:01
290,908,3212,2022-08-29 14:51:27,2022-09-25 14:51:27,2022-09-16 14:51:27
291,739,7906,2021-05-07 21:51:03,2021-05-24 21:51:03,2021-05-16 21:51:03
292,605,8421,2021-06-28 01:28:20,2021-07-17 01:28:20,2021-07-14 01:28:20
293,428,10652,2022-02-20 07:47:45,2022-03-17 07:47:45,
294,987,738,2021-08-02 19:34:45,2021-08-19 19:34:45,2021-08-12 19:34:45
295,81,2064,2022-07-25 20:02:30,2022-08-21 20:02:30,2022-08-19 20:02:30
296,656,206,2022-03-26 03:26:45,2022-04-22 03:26:45,
297,664,4228,2022-11-11 00:20:13,2022-12-05 00:20:13,
298,33,3653,2021-05-27 02:21:37,2021-06-19 02:21:37,2021-05-30 02:21:37
299,964,10390,2022-02-15 15:01:26,2022-03-17 15:01:26,2022-03-08 15:01:26
300,312,1594,2022-06-18 12:18:18,2022-07-09 12:18:18,
301,646,487,2022-04-06 16:24:01,2022-05-06 16:24:01,
302,366,4255,2021-08-14 14:59:21,2021-08-31 14:59:21,
303,281,8996,2021-10-01 06:43:06,2021-10-31 06:43:06,
304,299,361,2023-11-27 23:31:54,2023-12-12 23:31:54,2023-12-11 23:31:54
305,947,10962,2022-09-01 21:15:41,2022-09-15 21:15:41,2022-09-18 21:15:41
306,290,8276,2023-09-11 04:21:30,2023-10-02 04:21:30,2023-09-18 04:21:30
307,570,8999,2022-12-17 17:38:14,2023-01-15 17:38:14,2023-01-16 17:38:14
308,499,8626,2023-03-23 06:37:27,2023-04-17 06:37:27,
309,140,7738,2022-11-05 08:47:30,2022-12-02 08:47:30,2022-11-17 08:47:30
310,338,4582,2022-07-15 21:38:31,2022-08-11 21:38:31,2022-08-08 21:38:31
311,757,2903,2023-04-06 09:26:53,2023-04-24 09:26:53,
312,545,6189,2021-06-14 19:09:13,2021-07-03 19:09:13,2021-07-04 19:09:13
313,19,896,2022-10-23 19:02:43,2022-11-17 19:02:43,2022-11-04 19:02:43
314,668,5594,2020-03-04 15:03:42,2020-03-28 15:03:42,
315,334,9024,2020-12-31 18:32:05,2021-01-19 18:32:05,2021-01-26 18:32:05
316,936,3182,2020-10-01 22:02:18,2020-10-16 22:02:18,2020-10-16 22:02:18
317,241,6306,2021-11-03 22:29:48,2021-11-26 22:29:48,2021-11-21 22:29:48
318,749,8591,2023-02-20 09:32:40,2023-03-21 09:32:40,
319,699,10221,2020-04-20 02:55:25,2020-05-04 02:55:25,
320,792,6085,2020-08-30 23:27:14,2020-09-24 23:27:14,
321,362,4924,2023-01-08 05:11:07,2023-02-02 05:11:07,2023-01-17 05:11:07
322,22,6368,2020-06-24 12:38:03,2020-07-21 12:38:03,2020-07-11 12:38:03
323,474,9394,2021-04-19 23:17:11,2021-05-04 23:17:11,2021-04-30 23:17:11
324,792,3009,2023-12-05 18:22:56,2024-01-01 18:22:56,2023-12-13 18:22:56
325,447,9713,2021-03-24 09:57:58,2021-04-16 09:57:58,2021-03-31 09:57:58
326,539,3085,2020-03-29 21:42:43,2020-04-13 21:42:43,
327,663,6526,2021-07-04 21:11:53,2021-07-20 21:11:53,2021-07-16 21:11:53
328,713,1275,2022-03-20 10:01:04,2022-04-05 10:01:04,
329,604,6890,2023-07-24 15:19:38,2023-08-13 15:19:38,2023-08-13 15:19:38
330,635,11100,2021-10-24 20:18:20,2021-11-20 20:18:20,2021-11-03 20:18:20
331,574,4154,2022-11-03 09:42:13,2022-11-26 09:42:13,2022-11-11 09:42:13
332,951,7045,2020-05-10 15:48:13,2020-05-28 15:48:13,
333,580,2057,2023-03-24 16:55:15,2023-04-09 16:55:15,
334,680,8845,2022-08-19 22:07:40,2022-09-11 22:07:40,
335,395,3475,2021-07-09 14:50:58,2021-08-07 14:50:58,2021-08-07 14:50:58
336,768,2043,2021-03-27 06:07:41,2021-04-10 06:07:41,2021-04-11 06:07:41
337,573,10362,2020-11-26 14:01:55,2020-12-20 14:01:55,
338,701,3139,2021-05-24 01:37:22,2021-06-20 01:37:22,2021-06-01 01:37:22
339,36,8829,2020-11-27 01:04:18,2020-12-17 01:04:18,2020-12-01 01:04:18
340,409,2538,2023-10-27 09:14:15,2023-11-14 09:14:15,
341,435,6156,2020-04-10 04:35:40,2020-05-08 04:35:40,2020-05-08 04:35:40
342,127,8976,2022-09-01 21:31:18,2022-09-28 21:31:18,2022-09-06 21:31:18
343,538,4171,2021-11-22 08:50:00,2021-12-15 08:50:00,
344,859,11100,2021-04-02 05:03:28,2021-04-25 05:03:28,2021-04-15 05:03:28
345,528,630,2020-03-12 09:29:22,2020-04-02 09:29:22,2020-04-10 09:29:22
346,971,7618,2021-12-04 15:55:00,2021-12-29 15:55:00,
347,834,10745,2023-09-09 14:13:16,2023-10-09 14:13:16,2023-09-23 14:13:16
348,119,987,2021-01-05 00:42:04,2021-01-22 00:42:04,
349,339,1131,2022-10-17 08:50:32,2022-11-16 08:50:32,2022-11-02 08:50:32
350,206,1304,2021-03-16 07:05:31,2021-04-04 07:05:31,2021-04-05 07:05:31
351,617,9184,2022-06-02 20:33:05,2022-06-27 20:33:05,
352,915,2072,2023-12-04 06:47:04,2023-12-26 06:47:04,
353,390,6456,2021-10-06 22:12:15,2021-11-05 22:12:15,
354,655,8105,2023-11-05 06:56:31,2023-11-26 06:56:31,
355,677,2216,2020-01-15 15:54:47,2020-02-05 15:54:47,
356,423,3078,2023-10-09 22:37:55,2023-11-01 22:37:55,2023-10-21 22:37:55
357,160,8248,2022-07-25 21:45:57,2022-08-10 21:45:57,
358,763,4947,2022-01-02 07:34:40,2022-01-23 07:34:40,2022-01-21 07:34:40
359,144,6343,2020-07-28 05:27:23,2020-08-27 05:27:23,2020-08-13 05:27:23
360,739,1108,2022-10-05 17:22:18,2022-10-29 17:22:18,
361,914,8504,2020-07-29 01:42:53,2020-08-24 01:42:53,2020-08-27 01:42:53
362,17,1623,2023-08-22 07:37:05,2023-09-07 07:37:05,
363,584,10149,2020-05-26 10:47:53,2020-06-16 10:47:53,2020-06-16 10:47:53
364,411,9442,2022-08-27 23:45:56,2022-09-24 23:45:56,
365,106,6948,2022-06-13 04:14:14,2022-06-29 04:14:14,2022-06-14 04:14:14
366,549,10483,2020-09-13 12:27:48,2020-09-27 12:27:48,2020-09-20 12:27:48
367,214,1924,2023-06-23 17:56:28,2023-07-19 17:56:28,
368,744,10376,2020-11-10 16:04:25,2020-11-28 16:04:25,2020-11-27 16:04:25
369,564,10068,2021-07-29 09:13:06,2021-08-24 09:13:06,2021-08-01 09:13:06
370,286,9621,2020-12-20 15:27:59,2021-01-19 15:27:59,2020-12-21 15:27:59
371,760,8971,2020-07-22 12:21:00,2020-08-11 12:21:00,2020-08-06 12:21:00
372,827,10375,2021-07-27 05:46:47,2021-08-14 05:46:47,
373,7,2982,2022-06-07 11:53:15,2022-06-22 11:53:15,
374,441,3656,2023-11-17 20:54:42,2023-12-13 20:54:42,2023-12-12 20:54:42
375,569,3222,2022-05-07 13:33:43,2022-05-21 13:33:43,
376,14,4748,2023-01-07 09:01:44,2023-02-04 09:01:44,
377,436,8632,2023-04-18 23:38:31,2023-05-03 23:38:31,
378,189,6849,2023-01-21 19:57:43,2023-02-20 19:57:43,
379,62,10121,2023-10-19 01:05:34,2023-11-10 01:05:34,2023-10-27 01:05:34
380,126,6930,2023-05-09 09:16:07,2023-05-30 09:16:07,
381,263,6669,2021-02-11 01:15:40,2021-03-05 01:15:40,2021-03-13 01:15:40
382,495,9304,2023-06-04 13:19:49,2023-06-25 13:19:49,
383,617,4867,2023-02-14 18:48:16,2023-03-15 18:48:16,2023-02-27 18:48:16
384,158,2176,2022-10-12 08:58:01,2022-10-27 08:58:01,2022-10-19 08:58:01
385,233,35,2021-01-02 19:04:22,2021-01-17 19:04:22,
386,818,8553,2022-04-09 18:07:17,2022-05-09 18:07:17,2022-04-12 18:07:17
387,291,2593,2021-07-15 05:58:29,2021-07-31 05:58:29,2021-07-15 05:58:29
388,551,5261,2023-02-13 23:29:32,2023-03-13 23:29:32,2023-02-25 23:29:32
389,558,10769,2023-01-01 17:28:08,2023-01-22 17:28:08,2023-01-18 17:28:08
390,665,8608,2022-03-08 00:23:55,2022-03-26 00:23:55,2022-03-25 00:23:55
391,141,409,2021-05-31 05:30:12,2021-06-26 05:30:12,2021-06-25 05:30:12
392,244,5303,2021-07-02 19:27:30,2021-08-01 19:27:30,
393,670,4625,2022-11-20 06:44:41,2022-12-06 06:44:41,2022-12-08 06:44:41
394,330,216,2021-03-10 10:06:47,2021-04-04 10:06:47,2021-03-12 10:06:47
395,380,6425,2021-12-09 20:19:59,2022-01-04 20:19:59,
396,523,9499,2020-11-17 22:57:55,2020-12-12 22:57:55,2020-12-01 22:57:55
397,389,5119,2023-11-15 10:35:19,2023-12-08 10:35:19,
398,18,3677,2020-02-18 02:55:17,2020-03-15 02:55:17,2020-03-12 02:55:17
399,645,6526,2023-07-06 03:14:20,2023-08-02 03:14:20,
400,610,8767,2023-06-12 13:04:18,2023-07-10 13:04:18,
401,415,10202,2023-10-23 06:28:17,2023-11-11 06:28:17,2023-10-26 06:28:17
402,764,1029,2020-07-14 17:50:40,2020-07-28 17:50:40,
403,527,10949,2020-12-15 04:07:02,2021-01-13 04:07:02,2020-12-17 04:07:02
404,606,4395,2021-08-14 22:30:26,2021-08-30 22:30:26,
405,601,10384,2023-05-30 07:46:48,2023-06-25 07:46:48,2023-06-14 07:46:48
406,428,23,2021-08-11 20:58:57,2021-09-07 20:58:57,2021-09-02 20:58:57
407,636,6958,2020-08-30 09:42:14,2020-09-14 09:42:14,2020-09-28 09:42:14
408,676,5088,2020-03-12 00:39:55,2020-03-28 00:39:55,
409,245,1746,2021-06-03 22:24:35,2021-06-21 22:24:35,
410,89,460,2023-03-27 01:21:01,2023-04-21 01:21:01,
411,816,10355,2022-02-26 17:00:01,2022-03-26 17:00:01,2022-03-02 17:00:01
412,685,4555,2020-11-12 16:55:56,2020-11-26 16:55:56,2020-12-06 16:55:56
413,837,8457,2020-01-26 08:40:48,2020-02-15 08:40:48,2020-02-05 08:40:48
414,380,7751,2021-07-24 10:22:46,2021-08-23 10:22:46,2021-08-02 10:22:46
415,146,6643,2021-11-22 15:05:59,2021-12-09 15:05:59,
416,859,9662,2021-10-27 21:46:56,2021-11-18 21:46:56,
417,394,9715,2020-12-29 17:40:32,2021-01-21 17:40:32,2021-01-09 17:40:32
418,685,1672,2020-09-05 15:31:38,2020-10-03 15:31:38,
419,59,1347,2022-01-20 01:13:55,2022-02-12 01:13:55,
420,521,9135,2023-09-20 18:57:45,2023-10-11 18:57:45,2023-09-27 18:57:45
421,994,10984,2023-10-03 22:23:01,2023-10-21 22:23:01,
422,620,4568,2023-11-17 12:43:45,2023-12-17 12:43:45,2023-12-08 12:43:45
423,768,3024,2023-10-07 12:35:26,2023-10-21 12:35:26,
424,41,626,2023-09-24 01:25:18,2023-10-12 01:25:18,2023-10-06 01:25:18
425,996,6026,2021-02-21 20:49:15,2021-03-23 20:49:15,2021-03-22 20:49:15
426,420,5710,2022-05-09 22:12:01,2022-05-30 22:12:01,2022-06-02 22:12:01
427,493,6193,2021-09-01 21:17:02,2021-09-17 21:17:02,2021-09-28 21:17:02
428,32,7437,2021-09-15 11:15:04,2021-10-02 11:15:04,
429,627,4969,2022-12-17 16:24:46,2023-01-06 16:24:46,
430,913,9359,2023-09-19 04:15:46,2023-10-07 04:15:46,2023-09-30 04:15:46
431,471,5377,2022-07-21 01:29:58,2022-08-13 01:29:58,
432,377,2522,2020-04-26 13:22:50,2020-05-17 13:22:50,
433,737,4614,2020-02-09 18:48:52,2020-02-24 18:48:52,2020-02-15 18:48:52
434,170,3764,2021-08-01 08:09:20,2021-08-28 08:09:20,
435,347,162,2020-10-18 09:24:19,2020-11-13 09:24:19,2020-11-03 09:24:19
436,409,2148,2022-07-10 12:56:14,2022-08-08 12:56:14,2022-07-16 12:56:14
437,454,633,2021-05-28 01:30:39,2021-06-21 01:30:39,2021-06-08 01:30:39
438,634,1548,2022-03-07 11:45:43,2022-03-29 11:45:43,
439,579,9498,2020-08-07 19:28:24,2020-08-29 19:28:24,2020-08-26 19:28:24
440,490,7301,2023-09-28 16:02:32,2023-10-20 16:02:32,
441,546,5468,2023-03-03 23:18:57,2023-03-25 23:18:57,2023-03-17 23:18:57
442,279,3264,2022-01-02 08:18:20,2022-01-21 08:18:20,
443,993,9604,2023-04-12 18:55:07,2023-04-29 18:55:07,2023-05-11 18:55:07
444,288,10465,2022-07-18 08:57:57,2022-08-16 08:57:57,2022-07-21 08:57:57
445,996,10354,2021-08-27 11:09:54,2021-09-17 11:09:54,
446,939,6640,2021-11-30 00:41:20,2021-12-15 00:41:20,
447,607,5628,2021-02-07 02:01:00,2021-02-21 02:01:00,2021-02-17 02:01:00
448,359,4854,2021-09-20 13:47:55,2021-10-10 13:47:55,2021-10-04 13:47:55
449,970,8352,2020-12-13 14:52:12,2020-12-30 14:52:12,
450,13,1233,2023-02-17 15:25:14,2023-03-04 15:25:14,2023-03-19 15:25:14
451,827,4721,2020-02-19 03:17:04,2020-03-07 03:17:04,2020-03-14 03:17:04
452,135,8809,2023-11-01 04:30:25,2023-11-27 04:30:25,2023-11-18 04:30:25
453,826,10379,2020-08-01 03:05:33,2020-08-18 03:05:33,2020-08-27 03:05:33
454,915,2095,2021-10-28 14:50:18,2021-11-16 14:50:18,2021-11-13 14:50:18
455,529,7441,2022-08-19 21:13:05,2022-09-12 21:13:05,2022-08-22 21:13:05
456,350,9074,2020-12-30 22:11:57,2021-01-14 22:11:57,
457,989,8569,2021-03-12 19:18:51,2021-03-30 19:18:51,2021-03-15 19:18:51
458,466,4691,2020-01-02 08:24:39,2020-01-16 08:24:39,
459,390,6180,2021-02-17 02:16:46,2021-03-14 02:16:46,
460,36,1977,2023-12-24 03:48:34,2024-01-11 03:48:34,2024-01-06 03:48:34
461,932,5847,2022-01-28 13:16:01,2022-02-11 13:16:01,2022-02-04 13:16:01
462,890,7725,2022-10-11 04:51:06,2022-11-10 04:51:06,
463,890,5964,2020-09-30 02:55:26,2020-10-24 02:55:26,
464,288,7198,2023-07-01 08:48:04,2023-07-25 08:48:04,2023-07-05 08:48:04
465,236,8825,2020-10-21 18:36:33,2020-11-07 18:36:33,2020-11-02 18:36:33
466,461,78,2021-02-19 19:42:03,2021-03-08 19:42:03,
467,279,8991,2023-10-02 21:08:36,2023-10-25 21:08:36,
468,475,1494,2022-02-21 22:13:46,2022-03-12 22:13:46,2022-03-14 22:13:46
469,310,3953,2022-04-27 03:18:23,2022-05-20 03:18:23,2022-04-28 03:18:23
470,460,8460,2023-10-14 09:18:12,2023-11-04 09:18:12,2023-10-20 09:18:12
471,522,4352,2021-05-19 14:48:20,2021-06-11 14:48:20,
472,313,442,2021-06-05 21:33:04,2021-06-23 21:33:04,
473,784,4135,2022-11-11 17:56:43,2022-12-08 17:56:43,2022-12-11 17:56:43
474,164,8470,2021-05-22 23:57:26,2021-06-06 23:57:26,2021-06-01 23:57:26
475,607,1468,2023-10-04 20:15:12,2023-10-29 20:15:12,2023-10-27 20:15:12
476,312,4692,2021-11-25 17:05:46,2021-12-14 17:05:46,
477,479,7798,2021-08-29 02:57:26,2021-09-22 02:57:26,
478,106,630,2023-01-20 18:31:06,2023-02-12 18:31:06,
479,885,5410,2020-07-18 16:12:24,2020-08-11 16:12:24,2020-08-09 16:12:24
480,35,7234,2023-07-03 23:03:33,2023-08-02 23:03:33,
481,369,10179,2022-01-10 17:22:33,2022-02-09 17:22:33,2022-02-01 17:22:33
482,997,2569,2022-09-23 18:46:39,2022-10-07 18:46:39,
483,559,6158,2022-05-19 01:25:45,2022-06-02 01:25:45,
484,142,3697,2020-01-23 12:41:51,2020-02-11 12:41:51,2020-02-17 12:41:51
485,793,10869,2021-05-10 04:42:38,2021-05-27 04:42:38,
486,276,6851,2022-04-25 12:57:20,2022-05-17 12:57:20,2022-05-09 12:57:20
487,785,8562,2020-12-04 07:53:07,2020-12-22 07:53:07,2020-12-31 07:53:07
488,870,7438,2022-08-12 17:32:18,2022-09-02 17:32:18,
489,877,5279,2021-10-04 00:54:21,2021-10-20 00:54:21,
490,60,4989,2023-03-08 01:39:58,2023-04-05 01:39:58,
491,808,10801,2022-11-25 13:16:17,2022-12-16 13:16:17,
492,936,3374,2021-03-13 18:06:09,2021-03-28 18:06:09,
493,397,8644,2020-08-30 15:45:05,2020-09-24 15:45:05,2020-09-12 15:45:05
494,640,6000,2023-12-17 10:19:30,2024-01-07 10:19:30,
495,334,7590,2022-12-06 18:39:03,2022-12-25 18:39:03,2022-12-15 18:39:03
496,514,10379,2021-03-10 00:14:03,2021-03-27 00:14:03,
497,850,8107,2020-08-19 09:28:50,2020-09-14 09:28:50,2020-09-05 09:28:50
498,571,9029,2022-01-24 14:04:53,2022-02-11 14:04:53,
499,275,7047,2022-02-14 05:03:01,2022-03-06 05:03:01,2022-02-25 05:03:01
500,347,2980,2021-10-14 12:10:03,2021-11-12 12:10:03,
501,65,6585,2021-07-14 15:23:19,2021-08-12 15:23:19,
502,860,10683,2020-07-31 15:41:23,2020-08-17 15:41:23,
503,586,2060,2021-10-23 17:32:55,2021-11-06 17:32:55,2021-11-09 17:32:55
504,667,3345,2020-02-05 08:31:06,2020-02-21 08:31:06,2020-02-23 08:31:06
505,213,9356,2021-04-03 17:59:32,2021-04-21 17:59:32,2021-04-10 17:59:32
506,964,1820,2023-08-20 16:13:33,2023-09-19 16:13:33,
507,128,3888,2020-03-18 21:09:57,2020-04-10 21:09:57,2020-04-15 21:09:57
508,191,85,2021-05-01 23:25:20,2021-05-21 23:25:20,
509,931,4577,2021-07-09 19:58:56,2021-08-03 19:58:56,2021-07-26 19:58:56
510,522,3854,2021-03-02 17:17:37,2021-03-29 17:17:37,2021-03-30 17:17:37
511,824,6499,2020-06-13 08:32:03,2020-06-28 08:32:03,2020-06-16 08:32:03
512,980,2908,2020-11-24 19:52:02,2020-12-11 19:52:02,
513,652,276,2022-01-02 13:16:25,2022-01-19 13:16:25,
514,586,5686,2021-07-10 19:33:27,2021-07-27 19:33:27,2021-08-04 19:33:27
515,361,7136,2022-10-25 01:48:11,2022-11-24 01:48:11,2022-11-06 01:48:11
516,375,1167,2021-04-23 19:31:35,2021-05-07 19:31:35,2021-05-11 19:31:35
517,252,2377,2020-01-13 21:09:06,2020-01-29 21:09:06,
518,904,4803,2021-11-24 13:49:11,2021-12-21 13:49:11,
519,575,4467,2021-12-05 19:10:32,2022-01-02 19:10:32,2021-12-19 19:10:32
520,694,4969,2023-12-06 18:14:04,2023-12-21 18:14:04,2023-12-18 18:14:04
521,734,4620,2021-12-13 09:53:43,2022-01-09 09:53:43,
522,760,429,2022-10-07 05:12:31,2022-10-25 05:12:31,2022-10-24 05:12:31
523,533,2575,2020-09-28 02:22:28,2020-10-28 02:22:28,2020-10-14 02:22:28
524,404,9328,2020-09-20 22:10:14,2020-10-16 22:10:14,2020-10-16 22:10:14
525,569,6199,2021-11-11 13:32:25,2021-12-05 13:32:25,
526,272,852,2023-05-22 15:50:33,2023-06-15 15:50:33,2023-06-11 15:50:33
527,322,3067,2022-04-25 09:59:52,2022-05-18 09:59:52,
528,998,3567,2022-01-05 01:04:23,2022-01-25 01:04:23,
529,307,1133,2020-03-23 18:42:47,2020-04-21 18:42:47,
530,749,4891,2020-06-11 15:20:23,2020-07-08 15:20:23,
531,52,6210,2020-11-12 11:51:43,2020-12-01 11:51:43,
532,159,6809,2021-12-09 17:19:49,2022-01-03 17:19:49,2021-12-16 17:19:49
533,277,1360,2022-07-19 10:25:53,2022-08-04 10:25:53,
534,806,10859,2023-12-14 04:08:36,2024-01-10 04:08:36,
535,656,6024,2021-09-05 23:14:49,2021-09-28 23:14:49,2021-09-20 23:14:49
536,368,5660,2020-05-02 04:12:29,2020-05-19 04:12:29,
537,754,10794,2020-02-01 08:05:32,2020-02-27 08:05:32,2020-03-01 08:05:32
538,488,10517,2021-11-18 11:16:01,2021-12-05 11:16:01,
539,761,9328,2023-05-28 01:39:20,2023-06-27 01:39:20,
540,850,11064,2023-06-24 14:34:55,2023-07-13 14:34:55,2023-06-27 14:34:55
541,573,10446,2022-12-04 07:14:47,2023-01-02 07:14:47,
542,60,4000,2023-09-21 15:42:50,2023-10-21 15:42:50,2023-10-13 15:42:50
543,716,2463,2020-07-29 08:50:15,2020-08-16 08:50:15,2020-08-09 08:50:15
544,100,10703,2022-01-12 12:42:37,2022-02-08 12:42:37,2022-01-25 12:42:37
545,644,4814,2022-10-05 20:46:51,2022-11-01 20:46:51,2022-10-15 20:46:51
546,601,2804,2022-06-22 14:25:09,2022-07-12 14:25:09,
547,359,2930,2022-10-26 06:26:26,2022-11-11 06:26:26,2022-11-23 06:26:26
548,531,9799,2020-02-25 18:43:09,2020-03-25 18:43:09,2020-03-02 18:43:09
549,131,1059,2023-11-29 15:54:41,2023-12-24 15:54:41,
550,438,10205,2020-12-26 00:26:46,2021-01-19 00:26:46,
551,909,9535,2021-09-01 22:53:45,2021-09-29 22:53:45,2021-09-30 22:53:45
552,430,1382,2020-10-24 01:50:31,2020-11-10 01:50:31,
553,487,5374,2022-12-10 18:31:46,2023-01-08 18:31:46,
554,643,3964,2021-09-15 14:38:20,2021-10-06 14:38:20,
555,59,10079,2020-12-24 18:32:18,2021-01-11 18:32:18,
556,486,10064,2023-05-01 20:14:53,2023-05-30 20:14:53,
557,427,9711,2023-09-07 17:16:41,2023-09-30 17:16:41,
558,913,885,2021-12-16 18:54:27,2022-01-06 18:54:27,
559,851,6258,2022-05-02 18:22:51,2022-05-21 18:22:51,
560,727,10178,2023-02-26 01:05:57,2023-03-24 01:05:57,2023-03-14 01:05:57
561,73,436,2021-04-10 14:10:42,2021-05-02 14:10:42,2021-04-11 14:10:42
562,265,9034,2020-10-20 12:20:12,2020-11-08 12:20:12,
563,55,10733,2020-12-31 15:04:07,2021-01-27 15:04:07,
564,700,9134,2021-08-23 01:02:20,2021-09-13 01:02:20,2021-09-12 01:02:20
565,804,3993,2023-07-24 14:25:34,2023-08-10 14:25:34,2023-08-16 14:25:34
566,99,5461,2020-10-24 03:40:19,2020-11-22 03:40:19,2020-11-06 03:40:19
567,363,7379,2023-09-12 01:49:39,2023-09-26 01:49:39,
568,590,6245,2020-01-14 22:10:17,2020-02-02 22:10:17,2020-01-29 22:10:17
569,291,9485,2022-09-17 10:12:55,2022-10-05 10:12:55,
570,190,9948,2021-10-29 01:56:39,2021-11-24 01:56:39,2021-11-04 01:56:39
571,539,3234,2021-12-08 17:02:01,2022-01-03 17:02:01,2021-12-08 17:02:01
572,381,4278,2022-03-11 01:32:26,2022-03-28 01:32:26,
573,114,8498,2022-05-18 11:50:23,2022-06-15 11:50:23,
574,895,10587,2020-07-01 12:29:10,2020-07-31 12:29:10,
575,686,5791,2020-06-07 06:39:02,2020-06-24 06:39:02,2020-07-04 06:39:02
576,40,6507,2023-10-25 02:12:52,2023-11-18 02:12:52,2023-11-18 02:12:52
577,450,9213,2020-08-05 21:55:29,2020-08-27 21:55:29,
578,963,8390,2022-10-30 04:02:54,2022-11-15 04:02:54,
579,258,8788,2021-12-29 10:32:08,2022-01-20 10:32:08,
580,309,1129,2023-04-11 11:05:12,2023-05-09 11:05:12,2023-04-25 11:05:12
581,198,78,2021-08-19 04:22:33,2021-09-15 04:22:33,
582,662,2133,2023-05-03 17:04:40,2023-05-31 17:04:40,2023-05-15 17:04:40
583,599,1313,2020-05-20 21:30:20,2020-06-12 21:30:20,2020-06-07 21:30:20
584,121,2090,2022-12-29 08:30:50,2023-01-15 08:30:50,
585,349,4623,2023-05-28 18:05:44,2023-06-11 18:05:44,
586,548,9099,2022-03-18 12:21:30,2022-04-10 12:21:30,2022-03-19 12:21:30
587,768,3033,2023-08-24 13:09:16,2023-09-18 13:09:16,2023-09-08 13:09:16
588,924,4990,2020-11-27 00:47:32,2020-12-27 00:47:32,
589,869,1260,2020-07-13 20:45:56,2020-08-04 20:45:56,
590,773,3766,2020-12-27 01:56:57,2021-01-18 01:56:57,
591,24,6138,2020-03-18 15:20:56,2020-04-11 15:20:56,
592,921,7373,2020-06-06 22:43:51,2020-06-23 22:43:51,
593,995,10544,2021-04-15 17:18:32,2021-05-14 17:18:32,2021-05-05 17:18:32
594,804,11042,2021-08-21 11:57:15,2021-09-16 11:57:15,
595,814,3156,2023-10-08 08:00:15,2023-11-07 08:00:15,2023-10-27 08:00:15
596,416,10097,2023-11-21 07:40:40,2023-12-20 07:40:40,2023-11-27 07:40:40
597,302,3972,2020-11-04 15:23:56,2020-11-28 15:23:56,
598,120,2459,2020-02-01 23:59:37,2020-02-22 23:59:37,
599,877,8355,2023-02-06 11:45:19,2023-02-21 11:45:19,
600,720,6920,2022-06-29 12:32:52,2022-07-18 12:32:52,2022-07-26 12:32:52
601,84,9753,2021-02-02 20:43:29,2021-02-19 20:43:29,2021-02-22 20:43:29
602,48,8862,2020-01-09 16:50:54,2020-02-04 16:50:54,
603,179,5393,2020-07-16 10:19:04,2020-08-09 10:19:04,
604,752,7742,2021-06-21 10:26:49,2021-07-07 10:26:49,
605,565,1679,2020-09-16 11:22:14,2020-10-16 11:22:14,
606,450,6224,2022-08-01 04:17:34,2022-08-31 04:17:34,2022-08-26 04:17:34
607,153,7916,2022-12-14 10:21:02,2023-01-11 10:21:02,2022-12-31 10:21:02
608,928,7988,2021-03-10 18:55:20,2021-03-30 18:55:20,
609,131,2762,2020-02-16 20:26:26,2020-03-07 20:26:26,
610,51,1891,2022-01-26 10:38:12,2022-02-20 10:38:12,
611,648,5564,2022-08-29 03:49:35,2022-09-28 03:49:35,2022-09-10 03:49:35
612,744,7480,2023-02-15 03:24:35,2023-03-09 03:24:35,2023-03-16 03:24:35
613,354,2893,2022-10-02 07:21:52,2022-10-16 07:21:52,2022-10-23 07:21:52
614,464,1162,2022-01-09 08:55:40,2022-01-23 08:55:40,
615,961,8217,2021-10-20 22:55:09,2021-11-06 22:55:09,
616,847,6927,2021-11-25 09:14:38,2021-12-13 09:14:38,
617,239,6847,2022-01-12 21:53:34,2022-02-06 21:53:34,2022-01-14 21:53:34
618,381,6219,2020-10-22 09:38:05,2020-11-06 09:38:05,2020-10-31 09:38:05
619,691,6300,2020-08-12 00:18:13,2020-08-29 00:18:13,
620,932,6517,2020-11-18 02:02:19,2020-12-08 02:02:19,2020-12-03 02:02:19
621,825,2135,2023-05-06 10:33:55,2023-05-26 10:33:55,
622,615,9861,2022-05-18 23:32:05,2022-06-06 23:32:05,
623,956,8904,2020-02-21 04:48:48,2020-03-07 04:48:48,
624,210,7880,2022-03-15 09:34:54,2022-04-04 09:34:54,
625,767,11090,2020-01-22 12:54:08,2020-02-14 12:54:08,
626,188,1033,2020-09-23 17:09:32,2020-10-12 17:09:32,
627,884,6039,2021-06-11 20:58:31,2021-07-01 20:58:31,2021-06-26 20:58:31
628,817,7578,2020-09-30 11:52:45,2020-10-21 11:52:45,
629,853,5822,2021-08-17 11:25:39,2021-09-04 11:25:39,
630,615,3226,2023-05-23 07:00:48,2023-06-08 07:00:48,2023-06-06 07:00:48
631,965,8338,2023-12-07 18:29:56,2024-01-02 18:29:56,
632,996,4709,2023-04-30 02:28:53,2023-05-15 02:28:53,
633,325,2374,2022-03-19 20:28:17,2022-04-03 20:28:17,2022-04-12 20:28:17
634,409,2184,2022-03-19 08:28:10,2022-04-15 08:28:10,2022-03-29 08:28:10
635,129,690,2020-08-22 06:32:54,2020-09-11 06:32:54,
636,80,10779,2023-12-29 09:18:53,2024-01-25 09:18:53,2024-01-13 09:18:53
637,468,1868,2021-02-04 12:04:55,2021-02-20 12:04:55,2021-02-08 12:04:55
638,855,2161,2023-02-20 11:06:45,2023-03-10 11:06:45,2023-03-06 11:06:45
639,61,6707,2021-07-04 10:57:56,2021-07-24 10:57:56,2021-07-22 10:57:56
640,378,7983,2020-03-12 16:34:01,2020-03-27 16:34:01,
641,309,5504,2023-10-07 17:54:45,2023-10-21 17:54:45,
642,874,6674,2021-01-10 15:58:50,2021-02-02 15:58:50,2021-02-02 15:58:50
643,686,5476,2021-04-20 11:17:16,2021-05-09 11:17:16,
644,205,2888,2022-09-29 21:58:17,2022-10-18 21:58:17,
645,775,11117,2022-10-22 10:50:39,2022-11-17 10:50:39,
646,628,1296,2022-12-15 10:51:27,2023-01-08 10:51:27,2022-12-19 10:51:27
647,730,2491,2023-09-19 02:28:36,2023-10-03 02:28:36,
648,882,2884,2021-12-13 02:16:46,2022-01-11 02:16:46,2021-12-20 02:16:46
649,752,1895,2022-02-02 06:02:15,2022-02-22 06:02:15,
650,639,6957,2021-05-06 22:39:06,2021-05-31 22:39:06,
651,396,3685,2020-10-31 13:02:11,2020-11-30 13:02:11,2020-11-25 13:02:11
652,482,828,2020-11-07 22:52:20,2020-11-28 22:52:20,2020-11-16 22:52:20
653,726,5824,2023-05-23 06:41:51,2023-06-18 06:41:51,
654,425,7440,2022-09-03 09:58:10,2022-09-26 09:58:10,2022-09-09 09:58:10
655,121,1614,2021-06-03 17:14:50,2021-06-19 17:14:50,2021-07-02 17:14:50
656,284,1135,2023-09-18 15:26:47,2023-10-11 15:26:47,2023-10-10 15:26:47
657,983,9457,2021-12-14 23:01:25,2021-12-28 23:01:25,
658,830,2689,2021-04-01 10:34:29,2021-04-30 10:34:29,2021-04-21 10:34:29
659,625,9857,2020-11-11 08:38:29,2020-11-30 08:38:29,
660,312,5225,2021-06-14 00:10:34,2021-07-06 00:10:34,2021-06-26 00:10:34
661,178,5749,2020-06-20 17:33:14,2020-07-07 17:33:14,
662,462,6763,2020-06-19 02:42:03,2020-07-19 02:42:03,2020-07-08 02:42:03
663,450,2206,2023-02-19 03:07:30,2023-03-19 03:07:30,
664,392,9475,2020-02-26 16:49:22,2020-03-15 16:49:22,2020-02-29 16:49:22
665,276,9678,2021-01-11 11:37:12,2021-02-06 11:37:12,2021-01-20 11:37:12
666,53,605,2023-08-22 01:47:59,2023-09-15 01:47:59,2023-09-14 01:47:59
667,904,9686,2020-02-15 13:45:25,2020-03-10 13:45:25,2020-03-01 13:45:25
668,629,10815,2021-11-02 02:47:50,2021-11-18 02:47:50,2021-11-18 02:47:50
669,32,2235,2021-10-06 13:08:10,2021-10-27 13:08:10,
670,312,370,2021-12-12 08:51:45,2022-01-04 08:51:45,
671,320,9817,2023-01-28 16:17:43,2023-02-27 16:17:43,
672,318,1776,2022-09-18 20:46:38,2022-10-18 20:46:38,
673,628,1079,2020-04-05 21:46:53,2020-04-19 21:46:53,2020-04-23 21:46:53
674,73,10708,2023-02-18 00:45:38,2023-03-05 00:45:38,
675,948,677,2023-06-16 18:20:01,2023-07-08 18:20:01,2023-06-30 18:20:01
676,419,11056,2020-07-01 13:15:47,2020-07-25 13:15:47,
677,142,11101,2023-05-22 15:31:33,2023-06-16 15:31:33,2023-06-17 15:31:33
678,483,9566,2023-06-18 08:18:37,2023-07-02 08:18:37,2023-06-18 08:18:37
679,669,10679,2022-05-01 08:49:45,2022-05-16 08:49:45,
680,299,1650,2023-05-22 09:28:59,2023-06-11 09:28:59,
681,988,3920,2020-03-20 22:31:29,2020-04-10 22:31:29,
682,361,3921,2021-08-15 00:27:45,2021-09-12 00:27:45,2021-09-10 00:27:45
683,196,795,2021-11-21 02:55:06,2021-12-17 02:55:06,2021-11-26 02:55:06
684,41,9071,2022-02-28 15:56:41,2022-03-14 15:56:41,
685,357,3385,2020-02-27 12:20:46,2020-03-28 12:20:46,2020-03-16 12:20:46
686,267,1559,2022-10-15 03:45:53,2022-11-14 03:45:53,2022-10-19 03:45:53
687,736,10895,2020-09-09 14:27:46,2020-09-24 14:27:46,2020-09-11 14:27:46
688,557,1866,2022-10-27 05:21:10,2022-11-19 05:21:10,2022-11-13 05:21:10
689,853,11080,2022-04-19 09:25:09,2022-05-03 09:25:09,2022-05-09 09:25:09
690,444,4876,2021-11-04 02:27:44,2021-12-02 02:27:44,2021-11-18 02:27:44
691,628,3985,2021-04-01 21:37:17,2021-04-27 21:37:17,2021-04-21 21:37:17
692,162,6818,2022-03-05 19:55:42,2022-04-03 19:55:42,
693,345,6767,2021-02-02 04:29:27,2021-02-24 04:29:27,
694,398,9346,2022-07-13 10:33:16,2022-08-01 10:33:16,2022-08-03 10:33:16
695,597,8628,2020-03-29 09:50:44,2020-04-26 09:50:44,
696,738,7867,2022-10-04 19:05:13,2022-10-28 19:05:13,2022-11-03 19:05:13
697,507,4073,2022-03-07 22:21:18,2022-03-25 22:21:18,
698,926,9497,2021-12-26 01:46:26,2022-01-18 01:46:26,
699,974,7306,2020-06-11 12:22:08,2020-06-29 12:22:08,
700,801,717,2020-10-30 13:55:29,2020-11-22 13:55:29,
701,431,182,2023-09-03 16:44:53,2023-09-23 16:44:53,
702,60,9807,2022-08-04 07:32:30,2022-08-26 07:32:30,
703,569,30,2022-05-29 01:58:22,2022-06-19 01:58:22,2022-06-09 01:58:22
704,920,10766,2020-03-27 05:40:57,2020-04-16 05:40:57,
705,950,2103,2020-01-27 06:50:03,2020-02-17 06:50:03,2020-02-02 06:50:03
706,874,1776,2020-10-24 02:51:49,2020-11-15 02:51:49,2020-10-31 02:51:49
707,724,1989,2021-04-03 10:18:41,2021-04-24 10:18:41,2021-05-01 10:18:41
708,441,6558,2021-07-15 03:21:58,2021-07-30 03:21:58,
709,475,3776,2020-12-07 11:37:24,2020-12-24 11:37:24,2021-01-03 11:37:24
710,509,6007,2020-06-22 20:25:00,2020-07-20 20:25:00,2020-07-20 20:25:00
711,698,4183,2021-02-09 17:09:47,2021-03-08 17:09:47,
712,565,2463,2022-10-14 04:00:51,2022-10-30 04:00:51,2022-10-29 04:00:51
713,525,10468,2021-04-22 20:36:32,2021-05-18 20:36:32,2021-04-28 20:36:32
714,733,2592,2020-05-08 03:05:46,2020-05-30 03:05:46,
715,614,3584,2022-04-12 08:28:37,2022-05-06 08:28:37,2022-04-29 08:28:37
716,549,10793,2022-02-14 08:00:39,2022-03-05 08:00:39,
717,327,10119,2021-06-26 15:22:29,2021-07-26 15:22:29,
718,237,5265,2021-09-26 04:23:08,2021-10-22 04:23:08,2021-10-26 04:23:08
719,863,5986,2022-04-26 00:54:34,2022-05-22 00:54:34,
720,97,7349,2021-08-05 04:38:18,2021-08-23 04:38:18,
721,311,6830,2022-06-24 18:39:24,2022-07-22 18:39:24,2022-07-13 18:39:24
722,207,8928,2020-12-25 08:39:11,2021-01-19 08:39:11,
723,82,1680,2021-09-16 16:35:45,2021-10-07 16:35:45,
724,589,10832,2021-03-21 12:27:27,2021-04-16 12:27:27,2021-04-13 12:27:27
725,42,3887,2021-02-03 03:56:36,2021-03-05 03:56:36,2021-02-10 03:56:36
726,833,6290,2020-02-25 19:45:12,2020-03-12 19:45:12,
727,448,2574,2020-03-31 14:46:56,2020-04-27 14:46:56,2020-04-16 14:46:56
728,431,3608,2023-01-16 04:58:13,2023-02-08 04:58:13,2023-02-07 04:58:13
729,687,7121,2023-10-14 18:41:35,2023-11-02 18:41:35,2023-10-28 18:41:35
730,749,5502,2022-09-17 04:54:14,2022-10-14 04:54:14,2022-10-13 04:54:14
731,60,7278,2020-02-27 16:53:51,2020-03-26 16:53:51,
732,896,1269,2020-12-04 22:23:28,2020-12-24 22:23:28,
733,705,4614,2020-11-07 20:02:32,2020-11-29 20:02:32,
734,697,4234,2020-12-06 19:18:32,2021-01-01 19:18:32,2020-12-28 19:18:32
735,405,4596,2020-02-08 04:39:34,2020-02-24 04:39:34,2020-02-22 04:39:34
736,83,7384,2021-12-14 12:37:14,2022-01-05 12:37:14,2021-12-22 12:37:14
737,58,10845,2022-10-05 03:54:54,2022-10-31 03:54:54,2022-10-18 03:54:54
738,862,9745,2020-08-17 09:37:30,2020-08-31 09:37:30,2020-09-09 09:37:30
739,44,7344,2020-04-09 05:36:13,2020-05-09 05:36:13,
740,84,6843,2022-09-29 19:03:02,2022-10-29 19:03:02,2022-10-03 19:03:02
741,384,584,2020-05-15 05:11:28,2020-06-05 05:11:28,
742,234,4887,2020-03-07 05:06:13,2020-03-22 05:06:13,2020-03-07 05:06:13
743,264,3493,2023-08-11 19:08:42,2023-09-07 19:08:42,
744,571,1839,2022-03-07 15:11:48,2022-03-23 15:11:48,2022-03-20 15:11:48
745,434,9493,2020-04-18 09:36:02,2020-05-16 09:36:02,2020-05-10 09:36:02
746,209,10674,2023-12-25 11:53:36,2024-01-14 11:53:36,2024-01-01 11:53:36
747,582,7495,2023-08-13 10:17:51,2023-09-02 10:17:51,
748,518,3259,2023-02-24 05:13:07,2023-03-23 05:13:07,
749,78,115,2020-04-18 02:25:19,2020-05-18 02:25:19,2020-04-27 02:25:19
750,322,2082,2020-10-10 16:52:50,2020-11-06 16:52:50,
751,936,1706,2021-09-25 21:25:25,2021-10-18 21:25:25,
752,391,1122,2023-10-12 14:04:48,2023-11-11 14:04:48,
753,16,1247,2022-12-01 19:23:46,2022-12-26 19:23:46,
754,815,2785,2021-10-05 00:06:37,2021-11-03 00:06:37,2021-10-18 00:06:37
755,216,4789,2022-01-12 19:20:52,2022-02-04 19:20:52,2022-02-07 19:20:52
756,666,5845,2020-06-05 08:59:52,2020-06-23 08:59:52,
757,430,3155,2022-11-01 02:51:07,2022-11-28 02:51:07,
758,978,5992,2022-10-16 21:46:41,2022-11-10 21:46:41,2022-10-16 21:46:41
759,687,5014,2023-11-12 12:40:15,2023-12-09 12:40:15,
760,542,10233,2023-05-04 13:32:56,2023-05-24 13:32:56,2023-05-29 13:32:56
761,756,1909,2023-08-04 16:13:58,2023-08-31 16:13:58,2023-08-13 16:13:58
762,17,6424,2023-06-16 02:03:40,2023-07-12 02:03:40,2023-06-28 02:03:40
763,254,4016,2023-04-28 22:03:25,2023-05-14 22:03:25,2023-05-18 22:03:25
764,777,7867,2020-10-03 15:31:22,2020-10-31 15:31:22,2020-10-06 15:31:22
765,399,1221,2020-08-16 05:13:11,2020-09-12 05:13:11,
766,870,10117,2022-11-06 02:10:29,2022-12-05 02:10:29,
767,830,4851,2021-07-19 09:58:16,2021-08-03 09:58:16,
768,5,7753,2022-04-22 16:11:15,2022-05-11 16:11:15,
769,175,2573,2020-12-12 08:57:58,2021-01-05 08:57:58,
770,205,2419,2022-07-28 17:24:28,2022-08-13 17:24:28,
771,74,3076,2020-09-30 13:57:34,2020-10-20 13:57:34,2020-10-30 13:57:34
772,531,1042,2020-06-17 16:36:22,2020-07-02 16:36:22,2020-07-09 16:36:22
773,964,180,2023-09-21 09:37:42,2023-10-13 09:37:42,2023-10-05 09:37:42
774,404,2034,2020-05-25 12:39:22,2020-06-12 12:39:22,
775,113,708,2022-12-13 15:38:09,2023-01-12 15:38:09,
776,711,8601,2022-02-09 02:31:13,2022-03-07 02:31:13,
777,154,1771,2022-08-20 05:25:29,2022-09-09 05:25:29,
778,655,2930,2022-02-06 11:10:59,2022-02-20 11:10:59,
779,836,5014,2023-05-24 17:31:57,2023-06-23 17:31:57,2023-05-25 17:31:57
780,851,10471,2023-08-03 23:24:38,2023-09-01 23:24:38,2023-08-29 23:24:38
781,146,7892,2022-09-12 02:02:25,2022-10-01 02:02:25,
782,482,3393,2022-07-07 18:14:37,2022-07-28 18:14:37,
783,643,4678,2023-11-01 18:00:14,2023-11-19 18:00:14,
784,746,2399,2022-03-19 03:23:04,2022-04-07 03:23:04,2022-04-10 03:23:04
785,28,6266,2020-03-20 22:51:42,2020-04-08 22:51:42,2020-04-08 22:51:42
786,613,4644,2020-05-31 06:47:48,2020-06-15 06:47:48,
787,20,4414,2020-09-01 02:33:43,2020-09-25 02:33:43,2020-09-08 02:33:43
788,985,1819,2021-05-11 13:12:55,2021-06-07 13:12:55,2021-05-26 13:12:55
789,67,1715,2022-04-21 20:52:01,2022-05-09 20:52:01,
790,191,7392,2023-03-02 15:44:17,2023-04-01 15:44:17,
791,847,9489,2022-04-05 17:34:13,2022-04-25 17:34:13,2022-04-20 17:34:13
792,856,9922,2021-12-14 11:20:32,2022-01-05 11:20:32,2022-01-09 11:20:32
793,648,4470,2023-04-13 15:41:55,2023-05-13 15:41:55,
794,642,6366,2023-01-15 14:48:28,2023-02-07 14:48:28,
795,365,8295,2022-02-19 23:39:57,2022-03-13 23:39:57,2022-03-16 23:39:57
796,557,7182,2020-09-11 13:04:10,2020-10-01 13:04:10,
797,595,3044,2023-12-06 22:23:02,2023-12-31 22:23:02,2023-12-26 22:23:02
798,231,7130,2022-05-28 12:08:41,2022-06-27 12:08:41,
799,760,7133,2020-07-30 23:37:58,2020-08-15 23:37:58,2020-08-25 23:37:58
800,337,3837,2020-08-03 18:34:48,2020-09-01 18:34:48,
801,291,3467,2023-05-26 22:12:22,2023-06-16 22:12:22,2023-06-25 22:12:22
802,406,10297,2021-03-29 03:45:16,2021-04-22 03:45:16,2021-04-20 03:45:16
803,9,4534,2023-10-04 13:43:23,2023-10-18 13:43:23,
804,165,9913,2023-07-15 00:50:57,2023-08-01 00:50:57,
805,703,7475,2023-11-06 18:25:09,2023-11-25 18:25:09,2023-11-07 18:25:09
806,302,5881,2022-11-17 06:55:59,2022-12-08 06:55:59,
807,315,10476,2022-02-15 08:48:14,2022-03-04 08:48:14,
808,617,927,2020-09-26 12:30:59,2020-10-17 12:30:59,
809,204,9110,2022-01-07 02:12:45,2022-01-21 02:12:45,
810,587,4948,2021-08-06 06:11:53,2021-08-30 06:11:53,2021-08-09 06:11:53
811,527,6855,2023-07-13 00:45:28,2023-07-30 00:45:28,2023-07-22 00:45:28
812,99,1315,2020-10-31 22:00:07,2020-11-24 22:00:07,2020-11-23 22:00:07
813,301,8484,2022-11-20 16:11:51,2022-12-19 16:11:51,
814,262,7531,2020-03-18 20:39:46,2020-04-05 20:39:46,2020-04-05 20:39:46
815,158,2637,2022-05-19 00:57:45,2022-06-04 00:57:45,
816,69,8650,2021-07-15 13:41:30,2021-08-03 13:41:30,
817,273,4225,2023-10-03 12:06:55,2023-11-02 12:06:55,
818,329,123,2023-10-19 07:17:14,2023-11-15 07:17:14,2023-11-18 07:17:14
819,284,10361,2022-10-08 20:55:48,2022-11-02 20:55:48,2022-10-09 20:55:48
820,580,7919,2021-01-20 15:35:14,2021-02-09 15:35:14,
821,301,6719,2022-05-17 04:20:09,2022-06-04 04:20:09,
822,784,4247,2022-09-23 12:09:17,2022-10-12 12:09:17,
823,803,7551,2023-01-04 19:51:45,2023-01-25 19:51:45,
824,651,2966,2020-12-22 03:07:50,2021-01-19 03:07:50,2021-01-14 03:07:50
825,85,6551,2023-07-15 08:02:10,2023-08-01 08:02:10,
826,926,7398,2021-02-05 21:22:25,2021-02-26 21:22:25,2021-02-10 21:22:25
827,617,4735,2022-01-22 23:59:46,2022-02-18 23:59:46,2022-01-27 23:59:46
828,970,5746,2023-03-04 23:57:45,2023-03-27 23:57:45,2023-03-10 23:57:45
829,121,4545,2022-10-23 09:15:27,2022-11-14 09:15:27,
830,366,9023,2023-03-21 12:33:14,2023-04-16 12:33:14,2023-04-07 12:33:14
831,685,9631,2020-07-17 19:44:58,2020-08-09 19:44:58,
832,701,3476,2020-09-28 19:35:07,2020-10-28 19:35:07,
833,174,5355,2021-04-25 13:01:06,2021-05-18 13:01:06,
834,297,1477,2022-02-19 12:20:55,2022-03-09 12:20:55,
835,49,7081,2022-06-06 10:38:51,2022-07-01 10:38:51,2022-06-10 10:38:51
836,230,2168,2023-06-06 07:36:34,2023-07-03 07:36:34,
837,459,4075,2023-07-14 10:07:00,2023-08-01 10:07:00,
838,555,10476,2021-09-20 16:42:50,2021-10-20 16:42:50,2021-09-29 16:42:50
839,192,1935,2023-01-08 07:34:11,2023-01-27 07:34:11,
840,764,9318,2021-07-06 19:10:57,2021-07-25 19:10:57,
841,415,9829,2023-07-13 03:51:16,2023-08-11 03:51:16,
842,404,10776,2023-04-11 20:32:06,2023-05-11 20:32:06,2023-04-21 20:32:06
843,969,9031,2021-12-22 21:45:28,2022-01-11 21:45:28,2022-01-10 21:45:28
844,60,8414,2022-10-12 14:39:16,2022-11-04 14:39:16,2022-10-26 14:39:16
845,786,10138,2022-11-02 12:11:52,2022-11-17 12:11:52,
846,835,3316,2022-09-30 03:04:47,2022-10-14 03:04:47,2022-10-30 03:04:47
847,436,132,2021-07-16 01:50:12,2021-08-02 01:50:12,
848,74,1718,2020-12-20 19:47:28,2021-01-03 19:47:28,2021-01-18 19:47:28
849,919,207,2020-01-16 10:51:16,2020-02-09 10:51:16,2020-02-09 10:51:16
850,957,496,2021-10-22 20:12:41,2021-11-20 20:12:41,2021-10-24 20:12:41
851,654,7320,2021-03-23 08:04:42,2021-04-15 08:04:42,
852,137,5485,2022-09-28 02:14:18,2022-10-24 02:14:18,2022-10-20 02:14:18
853,534,2121,2023-03-17 00:53:49,2023-04-01 00:53:49,2023-04-14 00:53:49
854,115,917,2022-03-10 22:14:03,2022-03-31 22:14:03,2022-03-18 22:14:03
855,200,1502,2022-09-13 15:44:25,2022-10-06 15:44:25,2022-10-07 15:44:25
856,959,139,2022-05-18 01:00:02,2022-06-01 01:00:02,
857,502,10562,2022-07-29 23:43:15,2022-08-23 23:43:15,
858,253,1665,2022-09-08 23:47:16,2022-10-01 23:47:16,2022-10-04 23:47:16
859,754,9094,2021-07-31 18:19:40,2021-08-20 18:19:40,
860,31,8099,2022-01-25 06:47:41,2022-02-21 06:47:41,
861,526,1527,2021-06-13 04:47:07,2021-07-04 04:47:07,
862,959,9848,2020-07-10 20:55:39,2020-08-06 20:55:39,2020-07-17 20:55:39
863,229,10981,2021-07-13 13:50:09,2021-08-11 13:50:09,2021-08-06 13:50:09
864,895,946,2020-12-23 11:54:23,2021-01-11 11:54:23,2020-12-24 11:54:23
865,197,6036,2020-03-25 11:40:08,2020-04-20 11:40:08,2020-03-28 11:40:08
866,379,11091,2021-12-07 21:57:29,2022-01-05 21:57:29,2021-12-21 21:57:29
867,95,8035,2020-10-29 12:00:48,2020-11-13 12:00:48,
868,772,3605,2022-07-25 07:53:22,2022-08-17 07:53:22,2022-08-01 07:53:22
869,593,2413,2022-04-22 14:30:27,2022-05-19 14:30:27,
870,468,1339,2021-07-06 08:58:12,2021-07-20 08:58:12,2021-07-29 08:58:12
871,805,5295,2021-02-16 04:34:43,2021-03-03 04:34:43,2021-02-19 04:34:43
872,67,6907,2021-03-02 17:56:43,2021-03-17 17:56:43,
873,205,957,2023-03-03 09:32:33,2023-03-17 09:32:33,2023-03-24 09:32:33
874,731,5460,2023-07-14 08:57:44,2023-07-30 08:57:44,
875,133,8337,2021-01-21 11:41:46,2021-02-11 11:41:46,2021-02-15 11:41:46
876,456,8038,2021-05-17 04:11:33,2021-06-01 04:11:33,
877,91,2004,2020-04-05 12:28:26,2020-04-24 12:28:26,
878,738,10705,2021-08-17 09:22:09,2021-09-06 09:22:09,2021-08-27 09:22:09
879,846,1071,2020-09-08 02:25:16,2020-10-03 02:25:16,2020-09-10 02:25:16
880,349,9517,2022-08-30 12:57:56,2022-09-21 12:57:56,2022-09-21 12:57:56
881,745,1768,2022-05-17 18:03:28,2022-06-02 18:03:28,
882,738,5493,2020-12-05 03:36:20,2020-12-26 03:36:20,2021-01-02 03:36:20
883,586,1556,2021-10-17 22:47:44,2021-11-15 22:47:44,2021-11-10 22:47:44
884,694,1357,2020-05-21 07:18:48,2020-06-05 07:18:48,2020-06-05 07:18:48
885,466,4814,2021-11-09 06:13:33,2021-11-26 06:13:33,
886,313,7198,2021-03-30 03:19:49,2021-04-20 03:19:49,
887,660,11120,2023-04-13 10:09:41,2023-05-07 10:09:41,
888,33,3166,2021-07-13 07:16:16,2021-08-08 07:16:16,
889,386,4536,2023-03-05 05:17:12,2023-03-30 05:17:12,
890,406,3494,2020-09-03 17:08:19,2020-09-18 17:08:19,
891,970,5573,2021-10-24 03:16:10,2021-11-20 03:16:10,2021-11-06 03:16:10
892,132,3701,2023-06-22 09:35:08,2023-07-14 09:35:08,2023-06-27 09:35:08
893,426,6488,2021-06-27 17:33:42,2021-07-20 17:33:42,2021-07-05 17:33:42
894,820,11039,2020-06-17 16:34:02,2020-07-07 16:34:02,
895,778,242,2023-09-18 10:38:53,2023-10-18 10:38:53,2023-10-18 10:38:53
896,781,2538,2020-01-19 17:15:58,2020-02-02 17:15:58,2020-02-06 17:15:58
897,891,1025,2023-07-25 08:42:10,2023-08-09 08:42:10,
898,154,2289,2022-07-09 08:11:49,2022-07-26 08:11:49,
899,253,5086,2020-06-05 21:59:55,2020-06-24 21:59:55,
900,83,6797,2022-03-02 09:56:41,2022-03-27 09:56:41,2022-03-08 09:56:41
901,89,7356,2022-12-13 08:19:37,2023-01-06 08:19:37,2022-12-27 08:19:37
902,214,2229,2022-01-30 01:37:06,2022-02-23 01:37:06,
903,357,9439,2022-08-16 10:17:46,2022-09-09 10:17:46,2022-09-03 10:17:46
904,897,8399,2022-11-10 17:41:09,2022-12-06 17:41:09,2022-11-30 17:41:09
905,958,8921,2020-10-15 03:37:34,2020-11-02 03:37:34,2020-10-20 03:37:34
906,466,8321,2023-01-05 23:26:49,2023-02-04 23:26:49,2023-02-01 23:26:49
907,240,3006,2021-09-04 05:09:17,2021-09-23 05:09:17,
908,551,835,2021-12-07 09:14:22,2021-12-25 09:14:22,2021-12-27 09:14:22
909,4,7669,2023-04-02 09:33:59,2023-04-25 09:33:59,
910,874,2179,2022-11-11 15:17:45,2022-12-02 15:17:45,
911,631,9545,2020-09-19 07:24:25,2020-10-17 07:24:25,
912,396,7237,2023-12-23 11:01:16,2024-01-06 11:01:16,
913,126,9631,2022-06-17 18:27:18,2022-07-06 18:27:18,
914,602,2425,2020-05-13 22:45:53,2020-05-27 22:45:53,
915,415,10116,2021-01-20 06:56:00,2021-02-11 06:56:00,2021-02-08 06:56:00
916,823,3898,2020-03-22 02:30:00,2020-04-12 02:30:00,2020-03-28 02:30:00
917,569,4471,2023-06-12 13:58:11,2023-06-27 13:58:11,2023-06-14 13:58:11
918,744,3682,2020-01-25 17:38:24,2020-02-21 17:38:24,
919,580,2881,2022-03-11 13:04:42,2022-03-25 13:04:42,
920,883,1668,2022-02-14 01:46:33,2022-03-12 01:46:33,2022-02-24 01:46:33
921,796,10414,2023-01-31 05:25:28,2023-02-15 05:25:28,2023-02-09 05:25:28
922,164,323,2020-12-14 18:44:06,2021-01-06 18:44:06,
923,187,3298,2023-08-30 01:16:48,2023-09-24 01:16:48,2023-09-29 01:16:48
924,426,5087,2023-05-22 05:21:16,2023-06-16 05:21:16,
925,104,734,2021-06-29 16:09:18,2021-07-16 16:09:18,
926,752,8629,2022-03-12 17:43:29,2022-03-28 17:43:29,
927,693,1376,2022-06-25 10:48:00,2022-07-15 10:48:00,2022-07-21 10:48:00
928,369,5270,2023-08-19 18:37:28,2023-09-16 18:37:28,2023-08-27 18:37:28
929,297,8615,2022-12-27 08:04:21,2023-01-10 08:04:21,2023-01-16 08:04:21
930,672,6848,2023-07-25 08:07:35,2023-08-17 08:07:35,2023-08-16 08:07:35
931,771,1290,2023-02-01 20:38:24,2023-03-03 20:38:24,2023-02-09 20:38:24
932,670,10214,2022-08-25 01:14:24,2022-09-23 01:14:24,2022-09-21 01:14:24
933,978,2793,2021-11-02 06:21:35,2021-12-01 06:21:35,2021-11-23 06:21:35
934,388,10711,2021-01-03 00:29:52,2021-02-02 00:29:52,2021-01-30 00:29:52
935,627,1736,2020-03-19 07:44:49,2020-04-09 07:44:49,
936,421,1238,2022-06-26 17:56:38,2022-07-11 17:56:38,
937,468,10447,2021-10-07 16:03:12,2021-10-24 16:03:12,2021-10-22 16:03:12
938,41,3727,2022-07-16 12:12:37,2022-08-01 12:12:37,
939,54,10941,2020-12-30 09:04:34,2021-01-28 09:04:34,2021-01-21 09:04:34
940,127,588,2023-03-16 19:15:18,2023-04-05 19:15:18,2023-03-17 19:15:18
941,458,5001,2021-10-13 21:11:49,2021-11-08 21:11:49,2021-10-28 21:11:49
942,492,685,2022-01-25 12:26:16,2022-02-22 12:26:16,
943,92,5689,2022-06-06 14:58:50,2022-06-28 14:58:50,2022-06-09 14:58:50
944,633,1382,2020-04-18 01:40:03,2020-05-14 01:40:03,2020-05-14 01:40:03
945,388,2174,2022-10-05 15:51:42,2022-11-02 15:51:42,2022-10-08 15:51:42
946,899,1377,2021-04-23 16:05:23,2021-05-14 16:05:23,
947,978,884,2021-09-09 02:40:21,2021-10-04 02:40:21,2021-10-03 02:40:21
948,613,5277,2021-12-10 20:09:51,2021-12-30 20:09:51,
949,133,3670,2023-03-09 05:16:30,2023-04-07 05:16:30,2023-03-26 05:16:30
950,561,8565,2023-06-24 02:03:54,2023-07-14 02:03:54,
951,942,4061,2021-04-06 13:45:12,2021-05-05 13:45:12,2021-04-13 13:45:12
952,836,3328,2022-07-17 08:20:49,2022-08-08 08:20:49,
953,756,10797,2020-01-15 16:43:42,2020-02-13 16:43:42,
954,390,8847,2020-12-23 06:23:38,2021-01-08 06:23:38,2020-12-23 06:23:38
955,53,7377,2020-12-30 04:13:14,2021-01-16 04:13:14,2021-01-25 04:13:14
956,907,6283,2020-09-28 12:49:10,2020-10-27 12:49:10,2020-10-16 12:49:10
957,941,9670,2022-12-26 05:52:34,2023-01-25 05:52:34,2023-01-04 05:52:34
958,582,3130,2021-08-25 09:58:37,2021-09-16 09:58:37,
959,278,5239,2021-08-31 12:12:45,2021-09-16 12:12:45,
960,739,1535,2022-11-05 17:30:12,2022-11-26 17:30:12,
961,595,1760,2020-12-06 16:09:22,2021-01-03 16:09:22,2020-12-26 16:09:22
962,428,5280,2020-04-22 12:48:54,2020-05-10 12:48:54,
963,882,7332,2021-02-08 14:49:01,2021-03-07 14:49:01,2021-02-20 14:49:01
964,924,16,2021-03-17 21:38:49,2021-04-03 21:38:49,
965,135,9380,2022-03-23 20:42:50,2022-04-17 20:42:50,2022-04-17 20:42:50
966,462,1769,2021-10-08 05:17:24,2021-11-06 05:17:24,
967,443,8759,2020-03-04 14:02:42,2020-03-25 14:02:42,
968,771,11009,2022-05-05 17:34:28,2022-05-31 17:34:28,
969,247,9852,2023-12-20 13:47:26,2024-01-15 13:47:26,2024-01-03 13:47:26
970,271,7561,2021-01-05 19:16:10,2021-01-29 19:16:10,2021-01-10 19:16:10
971,971,3797,2021-09-26 22:11:31,2021-10-10 22:11:31,
972,847,5935,2020-10-24 01:40:37,2020-11-21 01:40:37,2020-11-20 01:40:37
973,184,3588,2020-06-30 11:17:53,2020-07-27 11:17:53,
974,419,3871,2021-03-10 09:28:56,2021-04-09 09:28:56,2021-04-08 09:28:56
975,619,9652,2022-03-06 12:22:48,2022-03-26 12:22:48,
976,895,5514,2020-10-15 18:46:31,2020-11-04 18:46:31,2020-10-20 18:46:31
977,872,5631,2021-12-12 21:04:23,2022-01-09 21:04:23,
978,333,2403,2021-03-13 01:06:30,2021-04-10 01:06:30,
979,60,9292,2021-04-26 14:32:45,2021-05-24 14:32:45,
980,667,9309,2022-03-12 08:48:42,2022-04-06 08:48:42,
981,978,2147,2020-07-04 06:01:01,2020-07-19 06:01:01,2020-07-14 06:01:01
982,799,4069,2021-06-27 22:36:45,2021-07-21 22:36:45,
983,59,6077,2020-02-26 19:33:43,2020-03-19 19:33:43,
984,178,7535,2020-09-01 15:52:49,2020-09-30 15:52:49,
985,88,1955,2023-03-10 06:55:28,2023-04-02 06:55:28,
986,744,8289,2021-07-20 14:55:11,2021-08-06 14:55:11,2021-07-21 14:55:11
987,86,3931,2023-03-29 15:10:48,2023-04-16 15:10:48,2023-04-18 15:10:48
988,74,8198,2022-07-19 09:56:20,2022-08-18 09:56:20,2022-07-21 09:56:20
989,28,8252,2021-10-09 06:12:16,2021-10-23 06:12:16,
990,252,759,2022-09-26 22:27:53,2022-10-12 22:27:53,
991,802,10121,2022-06-16 17:56:10,2022-07-15 17:56:10,2022-06-30 17:56:10
992,561,970,2021-06-28 09:17:46,2021-07-16 09:17:46,2021-07-07 09:17:46
993,811,3549,2020-11-04 02:49:00,2020-11-26 02:49:00,2020-11-29 02:49:00
994,899,10917,2020-03-26 06:20:36,2020-04-20 06:20:36,2020-04-07 06:20:36
995,759,3013,2021-07-25 16:12:50,2021-08-22 16:12:50,2021-08-12 16:12:50
996,549,4921,2022-10-19 17:18:59,2022-11-15 17:18:59,2022-11-14 17:18:59
997,791,5692,2023-06-19 17:50:44,2023-07-03 17:50:44,
998,237,6270,2021-02-05 05:12:22,2021-02-21 05:12:22,
999,392,206,2020-09-03 03:41:35,2020-09-22 03:41:35,2020-09-19 03:41:35
1000,915,7307,2023-08-02 08:14:29,2023-08-23 08:14:29,
